-8.460896220635403045e-03,-2.051987493506280888e-03,2.142063120055386083e-04,3.742878545157929483e-06,-8.016443961813632464e-06,-1.959599174187972882e-08
-8.457152908981227860e-03,-2.060004039046519752e-03,2.141867160109502631e-04,3.743743341153573248e-06,-8.016640298451127101e-06,-1.959598683319305201e-08
-8.453408730683589084e-03,-2.068020773627901598e-03,2.141671200208623057e-04,3.744611791513341568e-06,-8.016822031322224070e-06,-1.959598274163267358e-08
-8.449663682208678056e-03,-2.076037682609163833e-03,2.141475240344557567e-04,3.745483654847968249e-06,-8.016989086007415003e-06,-1.959597947115826741e-08
-8.445917760264931573e-03,-2.084054751276483847e-03,2.141279280509074900e-04,3.746358688053316379e-06,-8.017141391886176648e-06,-1.959597702567783509e-08
-8.442170961804716309e-03,-2.092071964847315359e-03,2.141083320693906657e-04,3.747236646370839540e-06,-8.017278882180249176e-06,-1.959597540878257461e-08
-8.438423284025969862e-03,-2.100089308474331010e-03,2.140887360890751916e-04,3.748117283449395308e-06,-8.017401493996870437e-06,-1.959597462348390980e-08
-8.434674724373749863e-03,-2.108106767249223572e-03,2.140691401091282108e-04,3.749000351393698078e-06,-8.017509168370007825e-06,-1.959597467200518964e-08
-8.430925280541755329e-03,-2.116124326206697548e-03,2.140495441287152670e-04,3.749885600831067803e-06,-8.017601850303931351e-06,-1.959597555565726379e-08
-8.427174950473769952e-03,-2.124141970328513249e-03,2.140299481470009011e-04,3.750772780974558934e-06,-8.017679488816344561e-06,-1.959597727481933501e-08
-8.423423732365053346e-03,-2.132159684547428082e-03,2.140103521631497082e-04,3.751661639675412513e-06,-8.017742036980427859e-06,-1.959597982904293244e-08
-8.419671624663661175e-03,-2.140177453751314351e-03,2.139907561763272593e-04,3.752551923490966193e-06,-8.017789451967747508e-06,-1.959598321726090706e-08
-8.415918626071714967e-03,-2.148195262787333006e-03,2.139711601857001552e-04,3.753443377747773861e-06,-8.017821695090337916e-06,-1.959598743808774127e-08
-8.412164735546609484e-03,-2.156213096465993753e-03,2.139515641904364605e-04,3.754335746592904495e-06,-8.017838731841333809e-06,-1.959599249015621140e-08
-8.408409952302142026e-03,-2.164230939565412945e-03,2.139319681897055409e-04,3.755228773062628914e-06,-8.017840531934724874e-06,-1.959599837243357584e-08
-8.404654275809608777e-03,-2.172248776835584462e-03,2.139123721826774937e-04,3.756122199142474412e-06,-8.017827069343389234e-06,-1.959600508445590537e-08
-8.400897705798828288e-03,-2.180266593002581649e-03,2.138927761685224707e-04,3.757015765822604198e-06,-8.017798322335031359e-06,-1.959601262640005121e-08
-8.397140242259093848e-03,-2.188284372772912774e-03,2.138731801464102439e-04,3.757909213166737922e-06,-8.017754273505785562e-06,-1.959602099896516296e-08
-8.393381885440068593e-03,-2.196302100837873444e-03,2.138535841155097996e-04,3.758802280377941999e-06,-8.017694909811996670e-06,-1.959603020305362519e-08
-8.389622635852618179e-03,-2.204319761877903804e-03,2.138339880749892024e-04,3.759694705867972382e-06,-8.017620222600481126e-06,-1.959604023931772605e-08
-8.385862494269560180e-03,-2.212337340566993861e-03,2.138143920240162727e-04,3.760586227331870637e-06,-8.017530207638183306e-06,-1.959605110769284288e-08
-8.382101461726342365e-03,-2.220354821577123078e-03,2.137947959617592379e-04,3.761476581827023457e-06,-8.017424865141814896e-06,-1.959606280705016532e-08
-8.378339539521641177e-03,-2.228372189582723383e-03,2.137751998873883310e-04,3.762365505853136124e-06,-8.017304199808212550e-06,-1.959607533506457139e-08
-8.374576729217876950e-03,-2.236389429265184681e-03,2.137556038000764682e-04,3.763252735433025054e-06,-8.017168220845142791e-06,-1.959608868832088380e-08
-8.370813032641652787e-03,-2.244406525317373807e-03,2.137360076990004148e-04,3.764138006191325368e-06,-8.017016942002237341e-06,-1.959610286260269826e-08
-8.367048451884120594e-03,-2.252423462448179502e-03,2.137164115833415712e-04,3.765021053431339652e-06,-8.016850381601399914e-06,-1.959611785326754301e-08
-8.363282989301249956e-03,-2.260440225387103791e-03,2.136968154522858100e-04,3.765901612214525643e-06,-8.016668562565012411e-06,-1.959613365561319403e-08
-8.359516647514032839e-03,-2.268456798888921020e-03,2.136772193050236657e-04,3.766779417439690423e-06,-8.016471512442377597e-06,-1.959615026517373961e-08
-8.355749429408629303e-03,-2.276473167738240176e-03,2.136576231407500911e-04,3.767654203912949837e-06,-8.016259263436214288e-06,-1.959616767789863510e-08
-8.351981338136393526e-03,-2.284489316754204254e-03,2.136380269586636983e-04,3.768525706432762551e-06,-8.016031852423618034e-06,-1.959618589021496317e-08
-8.348212377113844312e-03,-2.292505230795232989e-03,2.136184307579665415e-04,3.769393659871566665e-06,-8.015789320976176449e-06,-1.959620489897385569e-08
-8.344442550022583560e-03,-2.300520894763610769e-03,2.135988345378635753e-04,3.770257799246909306e-06,-8.015531715381185701e-06,-1.959622470129410362e-08
-8.340671860809063809e-03,-2.308536293610296154e-03,2.135792382975627087e-04,3.771117859816387584e-06,-8.015259086654398353e-06,-1.959624529433970831e-08
-8.336900313684328032e-03,-2.316551412339665043e-03,2.135596420362746695e-04,3.771973577159010767e-06,-8.014971490555600298e-06,-1.959626667503995693e-08
-8.333127913123664424e-03,-2.324566236014174482e-03,2.135400457532136010e-04,3.772824687257030440e-06,-8.014668987602729109e-06,-1.959628883980782047e-08
-8.329354663866110273e-03,-2.332580749759217715e-03,2.135204494475974682e-04,3.773670926596220734e-06,-8.014351643078519854e-06,-1.959631178428533096e-08
-8.325580570913938480e-03,-2.340594938767868657e-03,2.135008531186491690e-04,3.774512032250977186e-06,-8.014019527041885835e-06,-1.959633550316018561e-08
-8.321805639532033061e-03,-2.348608788305606848e-03,2.134812567655974022e-04,3.775347741976070739e-06,-8.013672714336100923e-06,-1.959635999009685592e-08
-8.318029875247113722e-03,-2.356622283715186818e-03,2.134616603876776425e-04,3.776177794309585110e-06,-8.013311284591835326e-06,-1.959638523779524467e-08
-8.314253283846943093e-03,-2.364635410421391665e-03,2.134420639841331710e-04,3.777001928661797230e-06,-8.012935322235705541e-06,-1.959641123819249817e-08
-8.310475871379412530e-03,-2.372648153935796606e-03,2.134224675542154546e-04,3.777819885410318525e-06,-8.012544916495258291e-06,-1.959643798276937412e-08
-8.306697644151487397e-03,-2.380660499861637913e-03,2.134028710971846608e-04,3.778631406001518644e-06,-8.012140161399881937e-06,-1.959646546292021959e-08
-8.302918608728122873e-03,-2.388672433898585135e-03,2.133832746123094138e-04,3.779436233038660927e-06,-8.011721155786622205e-06,-1.959649367031613316e-08
-8.299138771931065250e-03,-2.396683941847523296e-03,2.133636780988664155e-04,3.780234110374352242e-06,-8.011288003301571318e-06,-1.959652259717642567e-08
-8.295358140837533548e-03,-2.404695009615402754e-03,2.133440815561397940e-04,3.781024783206514783e-06,-8.010840812396627253e-06,-1.959655223639208525e-08
-8.291576722778833466e-03,-2.412705623220040042e-03,2.133244849834205355e-04,3.781807998167001808e-06,-8.010379696327023786e-06,-1.959658258144700326e-08
-8.287794525338896753e-03,-2.420715768794887059e-03,2.133048883800058330e-04,3.782583503411148081e-06,-8.009904773145065841e-06,-1.959661362614163966e-08
-8.284011556352695663e-03,-2.428725432593841892e-03,2.132852917451992763e-04,3.783351048713553204e-06,-8.009416165687000479e-06,-1.959664536417513144e-08
-8.280227823904575887e-03,-2.436734600996034051e-03,2.132656950783107979e-04,3.784110385563513856e-06,-8.008914001557644943e-06,-1.959667778867658885e-08
-8.276443336326488875e-03,-2.444743260510576742e-03,2.132460983786577569e-04,3.784861267262491449e-06,-8.008398413112097523e-06,-1.959671089181520885e-08
-8.272658102196151289e-03,-2.452751397781297027e-03,2.132265016455659964e-04,3.785603449024423276e-06,-8.007869537435078421e-06,-1.959674466459033662e-08
-8.268872130335060480e-03,-2.460758999591457306e-03,2.132069048783708193e-04,3.786336688079883424e-06,-8.007327516317236548e-06,-1.959677909684426372e-08
-8.265085429806431905e-03,-2.468766052868462488e-03,2.131873080764182075e-04,3.787060743780438502e-06,-8.006772496230943014e-06,-1.959681417747733145e-08
-8.261298009913015106e-03,-2.476772544688527703e-03,2.131677112390656359e-04,3.787775377700750264e-06,-8.006204628306765639e-06,-1.959684989479328204e-08
-8.257509880194854185e-03,-2.484778462281302634e-03,2.131481143656823699e-04,3.788480353738254022e-06,-8.005624068310228055e-06,-1.959688623687851768e-08
-8.253721050426880007e-03,-2.492783793034503668e-03,2.131285174556495738e-04,3.789175438216274744e-06,-8.005030976613000432e-06,-1.959692319193783657e-08
-8.249931530616426076e-03,-2.500788524498542571e-03,2.131089205083599861e-04,3.789860399983875297e-06,-8.004425518163888590e-06,-1.959696074854168053e-08
-8.246141331000714919e-03,-2.508792644391026790e-03,2.130893235232175396e-04,3.790535010506899361e-06,-8.003807862464178569e-06,-1.959699889575070176e-08
-8.242350462044131104e-03,-2.516796140601320047e-03,2.130697264996369818e-04,3.791199043970614032e-06,-8.003178183528964493e-06,-1.959703762312676766e-08
-8.238558934435454353e-03,-2.524799001195088179e-03,2.130501294370431436e-04,3.791852277376013236e-06,-8.002536659850929438e-06,-1.959707692063283892e-08
-8.234766759085064905e-03,-2.532801214418663703e-03,2.130305323348708304e-04,3.792494490627132000e-06,-8.001883474369296596e-06,-1.959711677844095436e-08
-8.230973947121909481e-03,-2.540802768703542217e-03,2.130109351925646053e-04,3.793125466636541444e-06,-8.001218814417001521e-06,-1.959715718668091698e-08
-8.227180509890475932e-03,-2.548803652670753039e-03,2.129913380095792232e-04,3.793744991414454526e-06,-8.000542871681383026e-06,-1.959719813514307141e-08
-8.223386458947696750e-03,-2.556803855135123156e-03,2.129717407853796572e-04,3.794352854161879764e-06,-7.999855842157128807e-06,-1.959723961299642058e-08
-8.219591806059611469e-03,-2.564803365109646557e-03,2.129521435194424005e-04,3.794948847374161694e-06,-7.999157926084553849e-06,-1.959728160854752576e-08
-8.215796563198110580e-03,-2.572802171809647574e-03,2.129325462112559807e-04,3.795532766928692405e-06,-7.998449327903194876e-06,-1.959732410910475298e-08
-8.212000742537485173e-03,-2.580800264656943344e-03,2.129129488603221526e-04,3.796104412184777989e-06,-7.997730256188791102e-06,-1.959736710097922264e-08
-8.208204356450851669e-03,-2.588797633283997177e-03,2.128933514661568199e-04,3.796663586083427924e-06,-7.997000923588237179e-06,-1.959741056964392926e-08
-8.204407417506573083e-03,-2.596794267537921429e-03,2.128737540282906588e-04,3.797210095239637188e-06,-7.996261546762403397e-06,-1.959745450004264713e-08
-8.200609938464534579e-03,-2.604790157484456522e-03,2.128541565462695510e-04,3.797743750040191465e-06,-7.995512346319868903e-06,-1.959749887698404218e-08
-8.196811932272287174e-03,-2.612785293411908332e-03,2.128345590196544759e-04,3.798264364740042125e-06,-7.994753546749697781e-06,-1.959754368555042822e-08
-8.193013412061155021e-03,-2.620779665834992340e-03,2.128149614480209686e-04,3.798771757552964591e-06,-7.993985376358607841e-06,-1.959758891142329230e-08
-8.189214391142245544e-03,-2.628773265498601883e-03,2.127953638309586313e-04,3.799265750739739120e-06,-7.993208067206997609e-06,-1.959763454104384717e-08
-8.185414883002346820e-03,-2.636766083381534339e-03,2.127757661680701581e-04,3.799746170696462039e-06,-7.992421855038359682e-06,-1.959768056157360121e-08
-8.181614901299726073e-03,-2.644758110700157466e-03,2.127561684589708471e-04,3.800212848038363043e-06,-7.991626979208799121e-06,-1.959772696065308309e-08
-8.177814459859907362e-03,-2.652749338911967753e-03,2.127365707032882747e-04,3.800665617679046397e-06,-7.990823682616722933e-06,-1.959777372601464847e-08
-8.174013572671326097e-03,-2.660739759719090228e-03,2.127169729006623774e-04,3.801104318910973463e-06,-7.990012211623720423e-06,-1.959782084504337280e-08
-8.170212253880896822e-03,-2.668729365071711903e-03,2.126973750507461563e-04,3.801528795485437862e-06,-7.989192815969912414e-06,-1.959786830438439861e-08
-8.166410517789504664e-03,-2.676718147171422858e-03,2.126777771532063820e-04,3.801938895690684355e-06,-7.988365748687770726e-06,-1.959791608969154873e-08
-8.162608378847462098e-03,-2.684706098474445857e-03,2.126581792077246512e-04,3.802334472429269208e-06,-7.987531266014040302e-06,-1.959796418557209377e-08
-8.158805851649851212e-03,-2.692693211694800054e-03,2.126385812139984987e-04,3.802715383297658000e-06,-7.986689627293943171e-06,-1.959801257572016642e-08
-8.155002950931749747e-03,-2.700679479807371018e-03,2.126189831717421018e-04,3.803081490664486803e-06,-7.985841094884782709e-06,-1.959806124319793338e-08
-8.151199691563455405e-03,-2.708664896050870605e-03,2.125993850806867137e-04,3.803432661746021810e-06,-7.984985934061938228e-06,-1.959811017079117054e-08
-8.147396088545616477e-03,-2.716649453930698385e-03,2.125797869405808538e-04,3.803768768679736851e-06,-7.984124412924581743e-06,-1.959815934135821405e-08
-8.143592157004241050e-03,-2.724633147221721535e-03,2.125601887511899008e-04,3.804089688597844323e-06,-7.983256802294350803e-06,-1.959820873811623767e-08
-8.139787912185652424e-03,-2.732615969970962795e-03,2.125405905122958758e-04,3.804395303696439762e-06,-7.982383375617384052e-06,-1.959825834483151083e-08
-8.135983369451461888e-03,-2.740597916500153979e-03,2.125209922236966564e-04,3.804685501298866254e-06,-7.981504408874017350e-06,-1.959830814589071824e-08
-8.132178544273355875e-03,-2.748578981408223570e-03,2.125013938852054888e-04,3.804960173922229401e-06,-7.980620180468786382e-06,-1.959835812626611569e-08
-8.128373452227832807e-03,-2.756559159573698011e-03,2.124817954966503643e-04,3.805219219336591361e-06,-7.979730971131965855e-06,-1.959840827137569017e-08
-8.124568108991064852e-03,-2.764538446156932557e-03,2.124621970578737483e-04,3.805462540619679444e-06,-7.978837063825394680e-06,-1.959845856686530043e-08
-8.120762530333378026e-03,-2.772516836602323485e-03,2.124425985687324449e-04,3.805690046215690946e-06,-7.977938743620327042e-06,-1.959850899833577017e-08
-8.116956732113987313e-03,-2.780494326640357665e-03,2.124230000290977592e-04,3.805901649982427570e-06,-7.977036297605902024e-06,-1.959855955104312113e-08
-8.113150730275554834e-03,-2.788470912289556323e-03,2.124034014388560669e-04,3.806097271241468151e-06,-7.976130014772368255e-06,-1.959861020962867067e-08
-8.109344540838602303e-03,-2.796446589858348538e-03,2.123838027979095999e-04,3.806276834824946898e-06,-7.975220185892707667e-06,-1.959866095791348732e-08
-8.105538179896093487e-03,-2.804421355946777779e-03,2.123642041061770433e-04,3.806440271116974576e-06,-7.974307103416675062e-06,-1.959871177883149500e-08
-8.101731663607815437e-03,-2.812395207448119532e-03,2.123446053635946729e-04,3.806587516096638555e-06,-7.973391061344427573e-06,-1.959876265452407604e-08
-8.097925008194737165e-03,-2.820368141550376635e-03,2.123250065701167897e-04,3.806718511378130577e-06,-7.972472355103637121e-06,-1.959881356661335512e-08
-8.094118229933387407e-03,-2.828340155737646237e-03,2.123054077257163969e-04,3.806833204249067369e-06,-7.971551281428810248e-06,-1.959886449661049889e-08
-8.090311345150164729e-03,-2.836311247791358826e-03,2.122858088303845772e-04,3.806931547707839715e-06,-7.970628138237783933e-06,-1.959891542636397179e-08
-8.086504370215604268e-03,-2.844281415791400595e-03,2.122662098841304106e-04,3.807013500499011659e-06,-7.969703224507110106e-06,-1.959896633843814324e-08
-8.082697321538587221e-03,-2.852250658117116543e-03,2.122466108869799451e-04,3.807079027145688170e-06,-7.968776840150525057e-06,-1.959901721632556201e-08
-8.078890215560578097e-03,-2.860218973448183481e-03,2.122270118389751664e-04,3.807128097978033902e-06,-7.967849285901879312e-06,-1.959906804443567350e-08
-8.075083068749809925e-03,-2.868186360765374605e-03,2.122074127401734017e-04,3.807160689157826978e-06,-7.966920863197940469e-06,-1.959911880787482940e-08
-8.071275897595431292e-03,-2.876152819351199177e-03,2.121878135906465608e-04,3.807176782698623036e-06,-7.965991874057062498e-06,-1.959916949208225210e-08
-8.067468718601613492e-03,-2.884118348790426414e-03,2.121682143904812443e-04,3.807176366481297013e-06,-7.965062620959562667e-06,-1.959922008240667704e-08
-8.063661548281737465e-03,-2.892082948970490109e-03,2.121486151397787708e-04,3.807159434265650884e-06,-7.964133406730605687e-06,-1.959927056372999219e-08
-8.059854403152480126e-03,-2.900046620081767491e-03,2.121290158386560445e-04,3.807125985698475722e-06,-7.963204534413346976e-06,-1.959932092020963410e-08
-8.056047299727921510e-03,-2.908009362617733178e-03,2.121094164872461513e-04,3.807076026318303552e-06,-7.962276307140801979e-06,-1.959937113518294268e-08
-8.052240254513636300e-03,-2.915971177374989103e-03,2.120898170856992801e-04,3.807009567557618954e-06,-7.961349028008565923e-06,-1.959942119124632239e-08
-8.048433284000847815e-03,-2.923932065453160433e-03,2.120702176341831841e-04,3.806926626743058117e-06,-7.960422999946982988e-06,-1.959947107047567595e-08
-8.044626404660510863e-03,-2.931892028254665713e-03,2.120506181328838855e-04,3.806827227092939316e-06,-7.959498525587220235e-06,-1.959952075473145862e-08
-8.040819632937380723e-03,-2.939851067484345205e-03,2.120310185820052683e-04,3.806711397712394159e-06,-7.958575907128310537e-06,-1.959957022599431167e-08
-8.037012985244187946e-03,-2.947809185148973863e-03,2.120114189817692688e-04,3.806579173587256679e-06,-7.957655446212806452e-06,-1.959961946666661940e-08
-8.033206477955769781e-03,-2.955766383556641171e-03,2.119918193324149807e-04,3.806430595574751467e-06,-7.956737443796989360e-06,-1.959966845979560963e-08
-8.029400127403120077e-03,-2.963722665315981792e-03,2.119722196341980588e-04,3.806265710389826378e-06,-7.955822200015972691e-06,-1.959971718920095460e-08
-8.025593949867623061e-03,-2.971678033335316011e-03,2.119526198873900415e-04,3.806084570591985828e-06,-7.954910014069488007e-06,-1.959976563948910766e-08
-8.021787961575222933e-03,-2.979632490821648369e-03,2.119330200922774294e-04,3.805887234566333343e-06,-7.954001184093071610e-06,-1.959981379596692245e-08
-8.017982178690491110e-03,-2.987586041279511901e-03,2.119134202491611697e-04,3.805673766499677190e-06,-7.953096007027308077e-06,-1.959986164446270066e-08
-8.014176617311000519e-03,-2.995538688509762938e-03,2.118938203583561419e-04,3.805444236359827194e-06,-7.952194778514500703e-06,-1.959990917107650590e-08
-8.010371293461455294e-03,-3.003490436608182487e-03,2.118742204201912659e-04,3.805198719862645160e-06,-7.951297792761286148e-06,-1.959995636189447534e-08
-8.006566223087943635e-03,-3.011441289963987401e-03,2.118546204350093393e-04,3.804937298440999838e-06,-7.950405342426688867e-06,-1.960000320269117042e-08
-8.002761422052336385e-03,-3.019391253258247882e-03,2.118350204031677422e-04,3.804660059210044933e-06,-7.949517718508200263e-06,-1.960004967868909882e-08
-7.998956906126534691e-03,-3.027340331462136710e-03,2.118154203250389523e-04,3.804367094923540152e-06,-7.948635210213209250e-06,-1.960009577441418952e-08
-7.995152690986873784e-03,-3.035288529835090867e-03,2.117958202010112765e-04,3.804058503930920609e-06,-7.947758104845362615e-06,-1.960014147371837479e-08
-7.991348792208582269e-03,-3.043235853922855640e-03,2.117762200314893934e-04,3.803734390129953619e-06,-7.946886687685472190e-06,-1.960018675999287049e-08
-7.987545225260243159e-03,-3.051182309555395145e-03,2.117566198168946781e-04,3.803394862914369606e-06,-7.946021241865789750e-06,-1.960023161654990993e-08
-7.983742005498294797e-03,-3.059127902844670146e-03,2.117370195576650941e-04,3.803040037121144050e-06,-7.945162048248469644e-06,-1.960027602710192636e-08
-7.979939148161651480e-03,-3.067072640182325668e-03,2.117174192542544341e-04,3.802670032977476187e-06,-7.944309385306237096e-06,-1.960031997619973696e-08
-7.976136668366334490e-03,-3.075016528237237666e-03,2.116978189071313989e-04,3.802284976046421776e-06,-7.943463529003995027e-06,-1.960036344950474152e-08
-7.972334581100156900e-03,-3.082959573952942598e-03,2.116782185167784855e-04,3.801884997170868644e-06,-7.942624752683161705e-06,-1.960040643382329348e-08
-7.968532901217458692e-03,-3.090901784544958578e-03,2.116586180836908760e-04,3.801470232415933789e-06,-7.941793326951241360e-06,-1.960044891690471891e-08
-7.964731643433932071e-03,-3.098843167497998975e-03,2.116390176083756520e-04,3.801040823010004381e-06,-7.940969519578088066e-06,-1.960049088707592443e-08
-7.960930822321500566e-03,-3.106783730563093208e-03,2.116194170913515227e-04,3.800596915281885376e-06,-7.940153595394097461e-06,-1.960053233282013062e-08
-7.957130452303229351e-03,-3.114723481754588276e-03,2.115998165331486902e-04,3.800138660592413463e-06,-7.939345816187515857e-06,-1.960057324239720605e-08
-7.953330547648320564e-03,-3.122662429347043168e-03,2.115802159343094452e-04,3.799666215262766737e-06,-7.938546440604905404e-06,-1.960061360357551189e-08
-7.949531122467219657e-03,-3.130600581872065163e-03,2.115606152953885470e-04,3.799179740502440641e-06,-7.937755724057438524e-06,-1.960065340352045420e-08
-7.945732190706763370e-03,-3.138537948115022961e-03,2.115410146169539006e-04,3.798679402329713689e-06,-7.936973918620392372e-06,-1.960069262883372538e-08
-7.941933766145372817e-03,-3.146474537111627542e-03,2.115214138995869365e-04,3.798165371488347283e-06,-7.936201272932944840e-06,-1.960073126572589043e-08
-7.938135862388404421e-03,-3.154410358144483541e-03,2.115018131438831258e-04,3.797637823367699492e-06,-7.935438032107194745e-06,-1.960076930028555817e-08
-7.934338492863565045e-03,-3.162345420739520047e-03,2.114822123504516002e-04,3.797096937917223855e-06,-7.934684437631996486e-06,-1.960080671878293332e-08
-7.930541670816328853e-03,-3.170279734662274831e-03,2.114626115199151255e-04,3.796542899554808978e-06,-7.933940727273287982e-06,-1.960084350796892504e-08
-7.926745409305565801e-03,-3.178213309914162087e-03,2.114430106529094236e-04,3.795975897084162756e-06,-7.933207134990249659e-06,-1.960087965532185852e-08
-7.922949721199225651e-03,-3.186146156728645196e-03,2.114234097500821427e-04,3.795396123604901939e-06,-7.932483890844578748e-06,-1.960091514920478483e-08
-7.919154619169978607e-03,-3.194078285567206101e-03,2.114038088120921526e-04,3.794803776415890430e-06,-7.931771220907268230e-06,-1.960094997892717212e-08
-7.915360115691182086e-03,-3.202009707115413550e-03,2.113842078396087310e-04,3.794199056934161289e-06,-7.931069347187666131e-06,-1.960098413469469238e-08
-7.911566223032765952e-03,-3.209940432278784919e-03,2.113646068333102093e-04,3.793582170596501244e-06,-7.930378487545833023e-06,-1.960101760746723098e-08
-7.907772953257192344e-03,-3.217870472178540903e-03,2.113450057938840256e-04,3.792953326764157372e-06,-7.929698855615238408e-06,-1.960105038872979400e-08
-7.903980318215705209e-03,-3.225799838147452598e-03,2.113254047220257501e-04,3.792312738638623384e-06,-7.929030660740381826e-06,-1.960108247021152491e-08
-7.900188329544437574e-03,-3.233728541725430523e-03,2.113058036184393008e-04,3.791660623155256947e-06,-7.928374107896301006e-06,-1.960111384358484247e-08
-7.896396998660739144e-03,-3.241656594655137075e-03,2.112862024838371342e-04,3.790997200891332141e-06,-7.927729397629294810e-06,-1.960114450018387169e-08
-7.892606336759649607e-03,-3.249584008877578166e-03,2.112666013189405700e-04,3.790322695970142626e-06,-7.927096725997051551e-06,-1.960117443081262072e-08
-7.888816354810321632e-03,-3.257510796527518775e-03,2.112470001244803875e-04,3.789637335952158748e-06,-7.926476284502743055e-06,-1.960120362568488778e-08
-7.885027063552669385e-03,-3.265436969928924536e-03,2.112273989011974763e-04,3.788941351735077661e-06,-7.925868260042467963e-06,-1.960123207456264850e-08
-7.881238473494107249e-03,-3.273362541590351272e-03,2.112077976498429987e-04,3.788234977446826539e-06,-7.925272834849388212e-06,-1.960125976708761639e-08
-7.877450594906342321e-03,-3.281287524200222645e-03,2.111881963711783629e-04,3.787518450331912361e-06,-7.924690186435351527e-06,-1.960128669325103837e-08
-7.873663437822319561e-03,-3.289211930622083519e-03,2.111685950659745721e-04,3.786792010640272127e-06,-7.924120487536396703e-06,-1.960131284388667462e-08
-7.869877012033281438e-03,-3.297135773889809524e-03,2.111489937350113032e-04,3.786055901516655438e-06,-7.923563906059055112e-06,-1.960133821102486163e-08
-7.866091327085928189e-03,-3.305059067202748523e-03,2.111293923790754973e-04,3.785310368890397134e-06,-7.923020605028056578e-06,-1.960136278800147172e-08
-7.862306392279685627e-03,-3.312981823920816554e-03,2.111097909989600855e-04,3.784555661367088977e-06,-7.922490742537619901e-06,-1.960138656930028885e-08
-7.858522216664070095e-03,-3.320904057559531317e-03,2.110901895954632034e-04,3.783792030122329115e-06,-7.921974471707752735e-06,-1.960140955019470705e-08
-7.854738809036183531e-03,-3.328825781785021802e-03,2.110705881693874044e-04,3.783019728796911065e-06,-7.921471940645906406e-06,-1.960143172630664793e-08
-7.850956177938302194e-03,-3.336747010409016247e-03,2.110509867215398230e-04,3.782239013394055329e-06,-7.920983292414373610e-06,-1.960145309320001467e-08
-7.847174331655567756e-03,-3.344667757383781078e-03,2.110313852527318759e-04,3.781450142171604119e-06,-7.920508664998756772e-06,-1.960147364608664581e-08
-7.843393278213763378e-03,-3.352588036796983091e-03,2.110117837637801844e-04,3.780653375531576731e-06,-7.920048191279541611e-06,-1.960149337967787608e-08
-7.839613025377254601e-03,-3.360507862866626665e-03,2.109921822555069530e-04,3.779848975916793412e-06,-7.919601999010956903e-06,-1.960151228819378096e-08
-7.835833580647003083e-03,-3.368427249935924180e-03,2.109725807287403225e-04,3.779037207698540577e-06,-7.919170210797094915e-06,-1.960153036549635935e-08
-7.832054951258651462e-03,-3.376346212468054990e-03,2.109529791843145865e-04,3.778218337058395737e-06,-7.918752944068741678e-06,-1.960154760531863616e-08
-7.828277144180818131e-03,-3.384264765041064896e-03,2.109333776230702998e-04,3.777392631885188486e-06,-7.918350311069738054e-06,-1.960156400155079399e-08
-7.824500166113445773e-03,-3.392182922342668484e-03,2.109137760458539804e-04,3.776560361656936383e-06,-7.917962418837108348e-06,-1.960157954852521628e-08
-7.820724023486210624e-03,-3.400100699164942605e-03,2.108941744535174317e-04,3.775721797322090516e-06,-7.917589369184400861e-06,-1.960159424127791608e-08
-7.816948722457185000e-03,-3.408018110399212847e-03,2.108745728469169566e-04,3.774877211198043164e-06,-7.917231258693419155e-06,-1.960160807573671963e-08
-7.813174268911479009e-03,-3.415935171030769560e-03,2.108549712269124630e-04,3.774026876850496329e-06,-7.916888178699170279e-06,-1.960162104881792737e-08
-7.809400668460044458e-03,-3.423851896133556141e-03,2.108353695943665149e-04,3.773171068980362935e-06,-7.916560215281226727e-06,-1.960163315842007374e-08
-7.805627926438628815e-03,-3.431768300865022971e-03,2.108157679501432215e-04,3.772310063325099767e-06,-7.916247449261193807e-06,-1.960164440330836335e-08
-7.801856047906763000e-03,-3.439684400460800949e-03,2.107961662951076949e-04,3.771444136539724758e-06,-7.915949956194813600e-06,-1.960165478291313017e-08
-7.798085037646899226e-03,-3.447600210229396275e-03,2.107765646301252909e-04,3.770573566092860208e-06,-7.915667806372828939e-06,-1.960166429705031658e-08
-7.794314900163673739e-03,-3.455515745547044822e-03,2.107569629560614470e-04,3.769698630171068038e-06,-7.915401064825330375e-06,-1.960167294561364971e-08
-7.790545639683207728e-03,-3.463431021852337970e-03,2.107373612737820068e-04,3.768819607563104008e-06,-7.915149791323172420e-06,-1.960168072827189999e-08
-7.786777260152574764e-03,-3.471346054641008018e-03,2.107177595841531667e-04,3.767936777567463646e-06,-7.914914040389781186e-06,-1.960168764422734767e-08
-7.783009765239344568e-03,-3.479260859460732696e-03,2.106981578880422884e-04,3.767050419893131588e-06,-7.914693861312716383e-06,-1.960169369210127787e-08
-7.779243158331210911e-03,-3.487175451905828640e-03,2.106785561863183057e-04,3.766160814552163822e-06,-7.914489298157488122e-06,-1.960169886998667203e-08
-7.775477442535740080e-03,-3.495089847612077583e-03,2.106589544798523751e-04,3.765268241764947055e-06,-7.914300389787465577e-06,-1.960170317571083768e-08
-7.771712620680226030e-03,-3.503004062251550369e-03,2.106393527695176317e-04,3.764372981857098708e-06,-7.914127169883841554e-06,-1.960170660726386161e-08
-7.767948695311621861e-03,-3.510918111527409294e-03,2.106197510561890265e-04,3.763475315152399412e-06,-7.913969666966749015e-06,-1.960170916330086062e-08
-7.764185668696601400e-03,-3.518832011168759009e-03,2.106001493407422970e-04,3.762575521867988349e-06,-7.913827904417448269e-06,-1.960171084357284344e-08
-7.760423542821721400e-03,-3.526745776925526484e-03,2.105805476240528277e-04,3.761673882009330743e-06,-7.913701900500090628e-06,-1.960171164913873690e-08
-7.756662319393678277e-03,-3.534659424563357018e-03,2.105609459069941606e-04,3.760770675268136418e-06,-7.913591668383768374e-06,-1.960171158229746451e-08
-7.752901999839682812e-03,-3.542572969858527598e-03,2.105413441904372622e-04,3.759866180923469542e-06,-7.913497216165621816e-06,-1.960171064627813426e-08
-7.749142585307902502e-03,-3.550486428592893647e-03,2.105217424752494672e-04,3.758960677747272271e-06,-7.913418546896043600e-06,-1.960170884480186114e-08
-7.745384076668028819e-03,-3.558399816548829704e-03,2.105021407622942613e-04,3.758054443912362569e-06,-7.913355658606818844e-06,-1.960170618164062514e-08
-7.741626474511917322e-03,-3.566313149504251202e-03,2.104825390524315523e-04,3.757147756907193472e-06,-7.913308544342470433e-06,-1.960170266027559932e-08
-7.737869779154310165e-03,-3.574226443227664866e-03,2.104629373465180769e-04,3.756240893450651314e-06,-7.913277192194070880e-06,-1.960169828370280539e-08
-7.734113990633655761e-03,-3.582139713473176616e-03,2.104433356454076985e-04,3.755334129400948439e-06,-7.913261585335749454e-06,-1.960169305438748643e-08
-7.730359108713005627e-03,-3.590052975975616557e-03,2.104237339499521933e-04,3.754427739675647199e-06,-7.913261702064041932e-06,-1.960168697435828303e-08
-7.726605132880998844e-03,-3.597966246445739001e-03,2.104041322610013048e-04,3.753521998169550696e-06,-7.913277515838043356e-06,-1.960168004539876203e-08
-7.722852062352928912e-03,-3.605879540565303659e-03,2.103845305794031231e-04,3.752617177661195426e-06,-7.913308995322239098e-06,-1.960167226930072237e-08
-7.719099896071905144e-03,-3.613792873982366732e-03,2.103649289060037324e-04,3.751713549737123572e-06,-7.913356104430382864e-06,-1.960166364814780554e-08
-7.715348632710075649e-03,-3.621706262306579379e-03,2.103453272416469673e-04,3.750811384707616352e-06,-7.913418802369810064e-06,-1.960165418457694092e-08
-7.711598270669954396e-03,-3.629619721104415490e-03,2.103257255871736266e-04,3.749910951516241066e-06,-7.913497043688341419e-06,-1.960164388199653613e-08
-7.707848808085833274e-03,-3.637533265894602429e-03,2.103061239434205788e-04,3.749012517665929259e-06,-7.913590778320527572e-06,-1.960163274472288911e-08
-7.704100242825245339e-03,-3.645446912143549597e-03,2.102865223112200576e-04,3.748116349136801822e-06,-7.913699951634544215e-06,-1.960162077801573696e-08
-7.700352572490546006e-03,-3.653360675260717162e-03,2.102669206913983875e-04,3.747222710299902917e-06,-7.913824504481511437e-06,-1.960160798800796880e-08
-7.696605794420558443e-03,-3.661274570594201614e-03,2.102473190847755778e-04,3.746331863849424642e-06,-7.913964373242722580e-06,-1.960159438152511178e-08
-7.692859905692267519e-03,-3.669188613426299216e-03,2.102277174921644821e-04,3.745444070725353012e-06,-7.914119489878352026e-06,-1.960157996582724079e-08
-7.689114903122641273e-03,-3.677102818969008730e-03,2.102081159143705811e-04,3.744559590034783682e-06,-7.914289781978841296e-06,-1.960156474829328005e-08
-7.685370783270479254e-03,-3.685017202359805628e-03,2.101885143521922000e-04,3.743678678995526073e-06,-7.914475172812615806e-06,-1.960154873610206540e-08
-7.681627542438328529e-03,-3.692931778657298353e-03,2.101689128064204812e-04,3.742801592862395407e-06,-7.914675581378416251e-06,-1.960153193596525429e-08
-7.677885176674501162e-03,-3.700846562836932700e-03,2.101493112778403329e-04,3.741928584863685663e-06,-7.914890922458707429e-06,-1.960151435396085739e-08
-7.674143681775111650e-03,-3.708761569786894405e-03,2.101297097672308084e-04,3.741059906148955925e-06,-7.915121106671569166e-06,-1.960149599553539909e-08
-7.670403053286186344e-03,-3.716676814303924124e-03,2.101101082753658385e-04,3.740195805724693567e-06,-7.915366040528201388e-06,-1.960147686568849139e-08
-7.666663286505846601e-03,-3.724592311089226521e-03,2.100905068030144206e-04,3.739336530397323340e-06,-7.915625626491569288e-06,-1.960145696933990015e-08
-7.662924376486530097e-03,-3.732508074744476500e-03,2.100709053509404022e-04,3.738482324717171906e-06,-7.915899763036273316e-06,-1.960143631180218956e-08
-7.659186318037275454e-03,-3.740424119767863168e-03,2.100513039199019931e-04,3.737633430918681287e-06,-7.916188344710565540e-06,-1.960141489923283915e-08
-7.655449105726066725e-03,-3.748340460550183672e-03,2.100317025106507079e-04,3.736790088858507696e-06,-7.916491262199111396e-06,-1.960139273892980869e-08
-7.651712733882252461e-03,-3.756257111371012498e-03,2.100121011239300926e-04,3.735952535954632578e-06,-7.916808402384748559e-06,-1.960136983937652028e-08
-7.647977196599004684e-03,-3.764174086394922372e-03,2.099924997604747754e-04,3.735121007126585372e-06,-7.917139648408912580e-06,-1.960134621002754575e-08
-7.644242487735848982e-03,-3.772091399667791903e-03,2.099728984210094912e-04,3.734295734740268214e-06,-7.917484879729887336e-06,-1.960132186091999390e-08
-7.640508600921237965e-03,-3.780009065113144016e-03,2.099532971062489462e-04,3.733476948555068040e-06,-7.917843972180677714e-06,-1.960129680223499563e-08
-7.636775529555195861e-03,-3.787927096528543366e-03,2.099336958168977903e-04,3.732664875673501330e-06,-7.918216798027398980e-06,-1.960127104391742911e-08
-7.633043266811995187e-03,-3.795845507582039282e-03,2.099140945536507534e-04,3.731859740495977465e-06,-7.918603226027640733e-06,-1.960124459542225329e-08
-7.629311805642866387e-03,-3.803764311808742731e-03,2.098944933171936473e-04,3.731061764682587376e-06,-7.919003121487041936e-06,-1.960121746561456794e-08
-7.625581138778764721e-03,-3.811683522607363372e-03,2.098748921082035023e-04,3.730271167106929236e-06,-7.919416346321659641e-06,-1.960118966280326004e-08
-7.621851258733205667e-03,-3.819603153236819908e-03,2.098552909273493253e-04,3.729488163816560070e-06,-7.919842759119787148e-06,-1.960116119488837096e-08
-7.618122157805056957e-03,-3.827523216813033449e-03,2.098356897752924795e-04,3.728712968001913456e-06,-7.920282215199520061e-06,-1.960113206958445841e-08
-7.614393828081446845e-03,-3.835443726305609851e-03,2.098160886526863865e-04,3.727945789949471733e-06,-7.920734566676547721e-06,-1.960110229467754520e-08
-7.610666261440708798e-03,-3.843364694534674286e-03,2.097964875601766345e-04,3.727186837008079079e-06,-7.921199662526662544e-06,-1.960107187829545178e-08
-7.606939449555274145e-03,-3.851286134167834600e-03,2.097768864984004091e-04,3.726436313557250616e-06,-7.921677348646150079e-06,-1.960104082913938366e-08
-7.603213383894720859e-03,-3.859208057717041038e-03,2.097572854679858429e-04,3.725694420960960835e-06,-7.922167467922938087e-06,-1.960100915665893634e-08
-7.599488055728785899e-03,-3.867130477535656290e-03,2.097376844695511750e-04,3.724961357539286207e-06,-7.922669860297017091e-06,-1.960097687113472738e-08
-7.595763456130394040e-03,-3.875053405815574552e-03,2.097180835037039653e-04,3.724237318532670553e-06,-7.923184362824420166e-06,-1.960094398365253871e-08
-7.592039575978823743e-03,-3.882976854584280733e-03,2.096984825710403622e-04,3.723522496060437794e-06,-7.923710809746916804e-06,-1.960091050596779797e-08
-7.588316405962785421e-03,-3.890900835702146895e-03,2.096788816721444797e-04,3.722817079095783305e-06,-7.924249032549128354e-06,-1.960087645026233118e-08
-7.584593936583595118e-03,-3.898825360859690947e-03,2.096592808075882074e-04,3.722121253429898257e-06,-7.924798860023019408e-06,-1.960084182884175688e-08
-7.580872158158408029e-03,-3.906750441574863980e-03,2.096396799779311291e-04,3.721435201638932793e-06,-7.925360118331916558e-06,-1.960080665380368420e-08
-7.577151060823403457e-03,-3.914676089190516697e-03,2.096200791837210921e-04,3.720759103063015865e-06,-7.925932631064564341e-06,-1.960077093674854366e-08
-7.573430634537040886e-03,-3.922602314871833327e-03,2.096004784254944784e-04,3.720093133777733943e-06,-7.926516219296267466e-06,-1.960073468859111248e-08
-7.569710869083371568e-03,-3.930529129603814974e-03,2.095808777037773700e-04,3.719437466570670321e-06,-7.927110701648379631e-06,-1.960069791951872873e-08
-7.565991754075295471e-03,-3.938456544188892634e-03,2.095612770190857658e-04,3.718792270925719335e-06,-7.927715894342632219e-06,-1.960066063913441998e-08
-7.562273278957882400e-03,-3.946384569244553234e-03,2.095416763719263134e-04,3.718157713004520673e-06,-7.928331611260358840e-06,-1.960062285676496529e-08
-7.558555433011716548e-03,-3.954313215201010756e-03,2.095220757627963364e-04,3.717533955628586555e-06,-7.928957664004062766e-06,-1.960058458188157604e-08
-7.554838205356241912e-03,-3.962242492298961513e-03,2.095024751921833192e-04,3.716921158264110199e-06,-7.929593861958510032e-06,-1.960054582453495329e-08
-7.551121584953112906e-03,-3.970172410587413138e-03,2.094828746605644193e-04,3.716319477005965365e-06,-7.930240012352969417e-06,-1.960050659567796757e-08
-7.547405560609583147e-03,-3.978102979921553477e-03,2.094632741684051387e-04,3.715729064557972187e-06,-7.930895920327031985e-06,-1.960046690728806513e-08
-7.543690120981905514e-03,-3.986034209960688870e-03,2.094436737161587282e-04,3.715150070213103279e-06,-7.931561388995343035e-06,-1.960042677225676315e-08
-7.539975254578760826e-03,-3.993966110166246621e-03,2.094240733042650486e-04,3.714582639833863065e-06,-7.932236219510526489e-06,-1.960038620408568741e-08
-7.536260949764687390e-03,-4.001898689799857252e-03,2.094044729331504082e-04,3.714026915834740644e-06,-7.932920211122241721e-06,-1.960034521649029980e-08
-7.532547194763527902e-03,-4.009831957921483614e-03,2.093848726032274273e-04,3.713483037164586425e-06,-7.933613161236104862e-06,-1.960030382301829343e-08
-7.528833977661929244e-03,-4.017765923387581206e-03,2.093652723148954175e-04,3.712951139290792089e-06,-7.934314865471586890e-06,-1.960026203675771699e-08
-7.525121286412824080e-03,-4.025700594849351312e-03,2.093456720685407885e-04,3.712431354187913669e-06,-7.935025117715917116e-06,-1.960021987017820242e-08
-7.521409108838895095e-03,-4.033635980751059183e-03,2.093260718645380237e-04,3.711923810329393496e-06,-7.935743710175030517e-06,-1.960017733511038131e-08
-7.517697432636119906e-03,-4.041572089328344421e-03,2.093064717032498158e-04,3.711428632675106695e-06,-7.936470433432682168e-06,-1.960013444283722883e-08
-7.513986245377298617e-03,-4.049508928606629365e-03,2.092868715850279614e-04,3.710945942666021070e-06,-7.937205076502309376e-06,-1.960009120427767795e-08
-7.510275534515501589e-03,-4.057446506399619429e-03,2.092672715102133335e-04,3.710475858220834803e-06,-7.937947426875812307e-06,-1.960004763022046674e-08
-7.506565287387688933e-03,-4.065384830307742711e-03,2.092476714791359634e-04,3.710018493724307307e-06,-7.938697270588102975e-06,-1.960000373157928384e-08
-7.502855491218198176e-03,-4.073323907716766556e-03,2.092280714921148776e-04,3.709573960028301497e-06,-7.939454392263092360e-06,-1.959995951964034698e-08
-7.499146133122242333e-03,-4.081263745796417583e-03,2.092084715494575014e-04,3.709142364445337450e-06,-7.940218575171017598e-06,-1.959991500625896089e-08
-7.495437200109560626e-03,-4.089204351499004311e-03,2.091888716514590091e-04,3.708723810741155876e-06,-7.940989601291171540e-06,-1.959987020398925234e-08
-7.491728679087848904e-03,-4.097145731558220205e-03,2.091692717984017268e-04,3.708318399135862885e-06,-7.941767251357588329e-06,-1.959982512610254679e-08
-7.488020556866366133e-03,-4.105087892487889467e-03,2.091496719905544283e-04,3.707926226294700290e-06,-7.942551304923599166e-06,-1.959977978649729502e-08
-7.484312820159516599e-03,-4.113030840580809977e-03,2.091300722281716029e-04,3.707547385323415304e-06,-7.943341540418595375e-06,-1.959973419948841339e-08
-7.480605455590347112e-03,-4.120974581907680366e-03,2.091104725114935369e-04,3.707181965765457283e-06,-7.944137735197893233e-06,-1.959968837950894629e-08
-7.476898449694147422e-03,-4.128919122316046172e-03,2.090908728407459612e-04,3.706830053594256174e-06,-7.944939665602002561e-06,-1.959964234077826077e-08
-7.473191788922043700e-03,-4.136864467429291967e-03,2.090712732161407832e-04,3.706491731208440592e-06,-7.945747107009678089e-06,-1.959959609699082821e-08
-7.469485459644536508e-03,-4.144810622645730622e-03,2.090516736378765202e-04,3.706167077429587249e-06,-7.946559833884092919e-06,-1.959954966110637510e-08
-7.465779448155085603e-03,-4.152757593137704727e-03,2.090320741061390587e-04,3.705856167499113619e-06,-7.947377619822134146e-06,-1.959950304529081914e-08
-7.462073740673714692e-03,-4.160705383850730500e-03,2.090124746211026300e-04,3.705559073076968847e-06,-7.948200237602800626e-06,-1.959945626103079727e-08
-7.458368323350584098e-03,-4.168653999502714563e-03,2.089928751829300271e-04,3.705275862243897864e-06,-7.949027459230198373e-06,-1.959940931941392777e-08
-7.454663182269540000e-03,-4.176603444583201936e-03,2.089732757917731737e-04,3.705006599505021378e-06,-7.949859055976837488e-06,-1.959936223151109007e-08
-7.450958303451713990e-03,-4.184553723352668272e-03,2.089536764477725826e-04,3.704751345793082970e-06,-7.950694798432963366e-06,-1.959931500877461299e-08
-7.447253672859109608e-03,-4.192504839841845916e-03,2.089340771510571381e-04,3.704510158473670632e-06,-7.951534456554249725e-06,-1.959926766335829766e-08
-7.443549276398127301e-03,-4.200456797851132365e-03,2.089144779017430939e-04,3.704283091350440840e-06,-7.952377799709742373e-06,-1.959922020826858646e-08
-7.439845099923145764e-03,-4.208409600950027349e-03,2.088948786999332596e-04,3.704070194668635437e-06,-7.953224596734366771e-06,-1.959917265731886291e-08
-7.436141129240073783e-03,-4.216363252476615017e-03,2.088752795457162956e-04,3.703871515117549461e-06,-7.954074615982406314e-06,-1.959912502490679452e-08
-7.432437350109924630e-03,-4.224317755537112910e-03,2.088556804391664698e-04,3.703687095832326858e-06,-7.954927625379699886e-06,-1.959907732567752801e-08
-7.428733748252340161e-03,-4.232273113005474707e-03,2.088360813803431695e-04,3.703516976395453373e-06,-7.955783392472408932e-06,-1.959902957416524548e-08
-7.425030309349146124e-03,-4.240229327523031139e-03,2.088164823692916330e-04,3.703361192837747162e-06,-7.956641684475671035e-06,-1.959898178449162397e-08
-7.421327019047925695e-03,-4.248186401498182940e-03,2.087968834060432207e-04,3.703219777639482374e-06,-7.957502268322573665e-06,-1.959893397016792425e-08
-7.417623862965570455e-03,-4.256144337106135440e-03,2.087772844906160660e-04,3.703092759732950160e-06,-7.958364910708470941e-06,-1.959888614402118314e-08
-7.413920826691774990e-03,-4.264103136288693863e-03,2.087576856230159423e-04,3.702980164506245753e-06,-7.959229378129005250e-06,-1.959883831823998969e-08
-7.410217895792637309e-03,-4.272062800754078578e-03,2.087380868032364799e-04,3.702882013806360567e-06,-7.960095436930114375e-06,-1.959879050451093688e-08
-7.406515055814203753e-03,-4.280023331976790663e-03,2.087184880312600334e-04,3.702798325945014862e-06,-7.960962853346607071e-06,-1.959874271422796119e-08
-7.402812292285904615e-03,-4.287984731197535572e-03,2.086988893070574106e-04,3.702729115704707678e-06,-7.961831393537648660e-06,-1.959869495873211911e-08
-7.399109590724225680e-03,-4.295946999423152883e-03,2.086792906305880895e-04,3.702674394344632513e-06,-7.962700823641025356e-06,-1.959864724956005230e-08
-7.395406936636110019e-03,-4.303910137426626703e-03,2.086596920017998657e-04,3.702634169609062103e-06,-7.963570909802090763e-06,-1.959859959866480187e-08
-7.391704315522502032e-03,-4.311874145747110823e-03,2.086400934206282564e-04,3.702608445734644761e-06,-7.964441418222251739e-06,-1.959855201857374025e-08
-7.388001712881901023e-03,-4.319839024690004178e-03,2.086204948869958224e-04,3.702597223459153386e-06,-7.965312115205565370e-06,-1.959850452245952350e-08
-7.384299114213781212e-03,-4.327804774327077483e-03,2.086008964008118430e-04,3.702600500030065476e-06,-7.966182767195647584e-06,-1.959845712408612267e-08
-7.380596505022107151e-03,-4.335771394496638897e-03,2.085812979619714488e-04,3.702618269212828905e-06,-7.967053140826732297e-06,-1.959840983763580744e-08
-7.376893870818841334e-03,-4.343738884803743060e-03,2.085616995703556216e-04,3.702650521298975223e-06,-7.967923002971174717e-06,-1.959836267742278281e-08
-7.373191197127378950e-03,-4.351707244620453899e-03,2.085421012258309773e-04,3.702697243113052204e-06,-7.968792120783891773e-06,-1.959831565754543904e-08
-7.369488469486007789e-03,-4.359676473086153414e-03,2.085225029282504168e-04,3.702758418018561539e-06,-7.969660261748847280e-06,-1.959826879155459267e-08
-7.365785673451389834e-03,-4.367646569107889488e-03,2.085029046774535867e-04,3.702834025923319712e-06,-7.970527193726055498e-06,-1.959822209221483169e-08
-7.362082794602014223e-03,-4.375617531360777475e-03,2.084833064732676921e-04,3.702924043284350888e-06,-7.971392684994454546e-06,-1.959817557142455696e-08
-7.358379818541629404e-03,-4.383589358288436481e-03,2.084637083155087441e-04,3.703028443112440556e-06,-7.972256504289143667e-06,-1.959812924032431637e-08
-7.354676730902683091e-03,-4.391562048103462949e-03,2.084441102039815590e-04,3.703147194977888158e-06,-7.973118420840932889e-06,-1.959808310956591651e-08
-7.350973517349783035e-03,-4.399535598787951071e-03,2.084245121384806535e-04,3.703280265017728042e-06,-7.973978204414781381e-06,-1.959803718968221207e-08
-7.347270163583117034e-03,-4.407510008094041830e-03,2.084049141187897022e-04,3.703427615943996085e-06,-7.974835625344649473e-06,-1.959799149146986219e-08
-7.343566655341856458e-03,-4.415485273544506734e-03,2.083853161446813749e-04,3.703589207053284640e-06,-7.975690454569145184e-06,-1.959794602629143336e-08
-7.339862978407581465e-03,-4.423461392433374051e-03,2.083657182159167677e-04,3.703764994238238899e-06,-7.976542463672801840e-06,-1.959790080623587906e-08
-7.336159118607683653e-03,-4.431438361826601884e-03,2.083461203322443998e-04,3.703954929999528004e-06,-7.977391424927242174e-06,-1.959785584410560598e-08
-7.332455061818747913e-03,-4.439416178562778995e-03,2.083265224933996177e-04,3.704158963457530293e-06,-7.978237111332759176e-06,-1.959781115323990736e-08
-7.328750793969909978e-03,-4.447394839253872474e-03,2.083069246991044047e-04,3.704377040363627635e-06,-7.979079296661934905e-06,-1.959776674722885772e-08
-7.325046301046236538e-03,-4.455374340286030049e-03,2.082873269490671917e-04,3.704609103111578545e-06,-7.979917755506762619e-06,-1.959772263958693061e-08
-7.321341569092092334e-03,-4.463354677820425762e-03,2.082677292429829384e-04,3.704855090747981576e-06,-7.980752263324782973e-06,-1.959767884344887403e-08
-7.317636584214453482e-03,-4.471335847794133400e-03,2.082481315805338111e-04,3.705114938980254800e-06,-7.981582596479289279e-06,-1.959763537134830069e-08
-7.313931332586234672e-03,-4.479317845921059783e-03,2.082285339613898327e-04,3.705388580185829075e-06,-7.982408532284562456e-06,-1.959759223510499949e-08
-7.310225800449678818e-03,-4.487300667692934418e-03,2.082089363852095067e-04,3.705675943422306514e-06,-7.983229849052437513e-06,-1.959754944582267571e-08
-7.306519974119596653e-03,-4.495284308380297425e-03,2.081893388516406029e-04,3.705976954432751897e-06,-7.984046326124377300e-06,-1.959750701399228900e-08
-7.302813839986693929e-03,-4.503268763033562057e-03,2.081697413603206454e-04,3.706291535656231033e-06,-7.984857743916919212e-06,-1.959746494966809398e-08
-7.299107384520944590e-03,-4.511254026484136197e-03,2.081501439108771837e-04,3.706619606238355899e-06,-7.985663883963794749e-06,-1.959742326270005812e-08
-7.295400594274755769e-03,-4.519240093345497887e-03,2.081305465029279010e-04,3.706961082036202085e-06,-7.986464528943368303e-06,-1.959738196298249570e-08
-7.291693455886348769e-03,-4.527226958014420044e-03,2.081109491360804786e-04,3.707315875633820089e-06,-7.987259462729020369e-06,-1.959734106069111461e-08
-7.287985956083004729e-03,-4.535214614672159611e-03,2.080913518099322440e-04,3.707683896351001681e-06,-7.988048470421202664e-06,-1.959730056647762548e-08
-7.284278081684276464e-03,-4.543203057285685742e-03,2.080717545240694927e-04,3.708065050254269736e-06,-7.988831338383725015e-06,-1.959726049157610055e-08
-7.280569819605296582e-03,-4.551192279608999060e-03,2.080521572780671361e-04,3.708459240174064104e-06,-7.989607854290548848e-06,-1.959722084780272223e-08
-7.276861156859983255e-03,-4.559182275184441371e-03,2.080325600714879155e-04,3.708866365716922374e-06,-7.990377807161381209e-06,-1.959718164741146323e-08
-7.273152080564232978e-03,-4.567173037344054824e-03,2.080129629038821851e-04,3.709286323281029272e-06,-7.991140987404477027e-06,-1.959714290282353233e-08
-7.269442577939150621e-03,-4.575164559211011318e-03,2.079933657747880748e-04,3.709719006074355036e-06,-7.991897186864809884e-06,-1.959710462626760704e-08
-7.265732636314234383e-03,-4.583156833701070541e-03,2.079737686837315985e-04,3.710164304129891410e-06,-7.992646198869044380e-06,-1.959706682940400249e-08
-7.262022243130513907e-03,-4.591149853524066626e-03,2.079541716302276300e-04,3.710622104319382904e-06,-7.993387818270720257e-06,-1.959702952304134876e-08
-7.258311385943723958e-03,-4.599143611185475475e-03,2.079345746137806347e-04,3.711092290367890247e-06,-7.994121841498680661e-06,-1.959699271702310838e-08
-7.254600052427446870e-03,-4.607138098988009835e-03,2.079149776338856995e-04,3.711574742866111760e-06,-7.994848066602481583e-06,-1.959695642031975069e-08
-7.250888230376241993e-03,-4.615133309033263818e-03,2.078953806900293735e-04,3.712069339281055965e-06,-7.995566293294565621e-06,-1.959692064130545039e-08
-7.247175907708751710e-03,-4.623129233223383441e-03,2.078757837816898031e-04,3.712575953966017517e-06,-7.996276322989623610e-06,-1.959688538813822332e-08
-7.243463072470812669e-03,-4.631125863262797876e-03,2.078561869083370302e-04,3.713094458173434320e-06,-7.996977958845457178e-06,-1.959685066914637204e-08
-7.239749712838563535e-03,-4.639123190659990605e-03,2.078365900694324774e-04,3.713624720068760228e-06,-7.997671005802450486e-06,-1.959681649313783483e-08
-7.236035817121517187e-03,-4.647121206729290521e-03,2.078169932644285955e-04,3.714166604744610922e-06,-7.998355270621293687e-06,-1.959678286956558541e-08
-7.232321373765612099e-03,-4.655119902592703800e-03,2.077973964927678878e-04,3.714719974236981202e-06,-7.999030561922219182e-06,-1.959674980852992258e-08
-7.228606371356269787e-03,-4.663119269181809079e-03,2.077777997538825575e-04,3.715284687546080303e-06,-7.999696690229189642e-06,-1.959671732063533818e-08
-7.224890798621442720e-03,-4.671119297239694282e-03,2.077582030471940202e-04,3.715860600656757671e-06,-8.000353468013471069e-06,-1.959668541673313159e-08
-7.221174644434577225e-03,-4.679119977322887362e-03,2.077386063721129036e-04,3.716447566556278798e-06,-8.001000709735089982e-06,-1.959665410761268939e-08
-7.217457897817616298e-03,-4.687121299803393738e-03,2.077190097280391559e-04,3.717045435258634217e-06,-8.001638231892381454e-06,-1.959662340370404111e-08
-7.213740547943996335e-03,-4.695123254870779694e-03,2.076994131143625882e-04,3.717654053827557204e-06,-8.002265853070678262e-06,-1.959659331483126015e-08
-7.210022584141531979e-03,-4.703125832534233233e-03,2.076798165304636061e-04,3.718273266392170588e-06,-8.002883393984306778e-06,-1.959656385006380953e-08
-7.206303995895360810e-03,-4.711129022624738552e-03,2.076602199757138331e-04,3.718902914171951782e-06,-8.003490677528313576e-06,-1.959653501767370050e-08
-7.202584772850881105e-03,-4.719132814797323376e-03,2.076406234494770865e-04,3.719542835498814506e-06,-8.004087528827073271e-06,-1.959650682519766681e-08
-7.198864904816562084e-03,-4.727137198533224761e-03,2.076210269511099735e-04,3.720192865829519091e-06,-8.004673775273880526e-06,-1.959647927959226762e-08
-7.195144381766851310e-03,-4.735142163142250053e-03,2.076014304799622982e-04,3.720852837773628374e-06,-8.005249246583933658e-06,-1.959645238744830930e-08
-7.191423193845027442e-03,-4.743147697765121365e-03,2.075818340353773050e-04,3.721522581111044676e-06,-8.005813774837265662e-06,-1.959642615524987209e-08
-7.187701331365955841e-03,-4.751153791375789699e-03,2.075622376166918418e-04,3.722201922807072582e-06,-8.006367194518841050e-06,-1.959640058962834715e-08
-7.183978784818965610e-03,-4.759160432783965042e-03,2.075426412232357902e-04,3.722890687043063324e-06,-8.006909342570152016e-06,-1.959637569759015609e-08
-7.180255544870582651e-03,-4.767167610637523291e-03,2.075230448543318763e-04,3.723588695230246832e-06,-8.007440058426103338e-06,-1.959635148667080512e-08
-7.176531602367279203e-03,-4.775175313425018137e-03,2.075034485092949656e-04,3.724295766034878022e-06,-8.007959184059400289e-06,-1.959632796497898364e-08
-7.172806948338244191e-03,-4.783183529478306564e-03,2.074838521874315753e-04,3.725011715408278936e-06,-8.008466564027020253e-06,-1.959630514110412853e-08
-7.169081573998056442e-03,-4.791192246975086756e-03,2.074642558880395490e-04,3.725736356608348299e-06,-8.008962045509445595e-06,-1.959628302386506706e-08
-7.165355470749358753e-03,-4.799201453941558289e-03,2.074446596104077313e-04,3.726469500232791046e-06,-8.009445478357787496e-06,-1.959626162194400605e-08
-7.161628630185524168e-03,-4.807211138255148251e-03,2.074250633538168083e-04,3.727210954253313463e-06,-8.009916715141675501e-06,-1.959624094346740278e-08
-7.157901044093255456e-03,-4.815221287647228690e-03,2.074054671175395515e-04,3.727960524048232683e-06,-8.010375611197292754e-06,-1.959622099565096216e-08
-7.154172704455151639e-03,-4.823231889705903441e-03,2.073858709008422269e-04,3.728718012435928141e-06,-8.010822024677642325e-06,-1.959620178462124703e-08
-7.150443603452260634e-03,-4.831242931878860884e-03,2.073662747029853817e-04,3.729483219708978268e-06,-8.011255816604419505e-06,-1.959618331546964340e-08
-7.146713733466590265e-03,-4.839254401476267460e-03,2.073466785232249007e-04,3.730255943665422359e-06,-8.011676850918645745e-06,-1.959616559252239522e-08
-7.142983087083584585e-03,-4.847266285673720171e-03,2.073270823608126302e-04,3.731035979638681591e-06,-8.012084994529942251e-06,-1.959614861974378210e-08
-7.139251657094578506e-03,-4.855278571515222498e-03,2.073074862149964050e-04,3.731823120525113850e-06,-8.012480117363057511e-06,-1.959613240115413344e-08
-7.135519436499208196e-03,-4.863291245916219301e-03,2.072878900850198586e-04,3.732617156813621767e-06,-8.012862092403684995e-06,-1.959611694116381083e-08
-7.131786418507812808e-03,-4.871304295666698501e-03,2.072682939701219352e-04,3.733417876618512094e-06,-8.013230795743891228e-06,-1.959610224476518013e-08
-7.128052596543804978e-03,-4.879317707434330069e-03,2.072486978695362936e-04,3.734225065712391918e-06,-8.013586106625976852e-06,-1.959608831755898532e-08
-7.124317964245964127e-03,-4.887331467767586785e-03,2.072291017824907922e-04,3.735038507557642715e-06,-8.013927907484685970e-06,-1.959607516562988096e-08
-7.120582515470749718e-03,-4.895345563099000319e-03,2.072095057082069195e-04,3.735857983349571594e-06,-8.014256083993613386e-06,-1.959606279531810719e-08
-7.116846244294552926e-03,-4.903359979748444196e-03,2.071899096458999301e-04,3.736683272057306051e-06,-8.014570525110253208e-06,-1.959605121292196938e-08
-7.113109145015883254e-03,-4.911374703926368185e-03,2.071703135947788714e-04,3.737514150459903825e-06,-8.014871123119255125e-06,-1.959604042439532499e-08
-7.109371212157543016e-03,-4.919389721737200093e-03,2.071507175540471528e-04,3.738350393197586539e-06,-8.015157773681318536e-06,-1.959603043508633344e-08
-7.105632440468757569e-03,-4.927405019182770109e-03,2.071311215229032509e-04,3.739191772817196565e-06,-8.015430375880189330e-06,-1.959602124954663544e-08
-7.101892824927224894e-03,-4.935420582165677035e-03,2.071115255005413595e-04,3.740038059811513333e-06,-8.015688832267967671e-06,-1.959601287144728835e-08
-7.098152360741151294e-03,-4.943436396492837531e-03,2.070919294861527180e-04,3.740889022674125817e-06,-8.015933048915177818e-06,-1.959600530359735781e-08
-7.094411043351247191e-03,-4.951452447879057910e-03,2.070723334789258553e-04,3.741744427945618700e-06,-8.016162935458269728e-06,-1.959599854806687323e-08
