9.708467499202165785e-01,-2.308954378088814985e-01,4.592622665659554476e-04,3.152309495502471359e-03,1.648418836072311489e-02,3.936099841060578155e-06
9.738823572332262479e-01,-2.144335207697982693e-01,4.576837058318251319e-04,2.922313536068283681e-03,1.644096814656014274e-02,-7.061719653132124129e-06
9.766977283650567498e-01,-1.980102329136433637e-01,4.452709667722080759e-04,2.711356484218128970e-03,1.640751244748918022e-02,-1.766384349016463374e-05
9.793104205657753303e-01,-1.816141229132405555e-01,4.226216325272186768e-04,2.516419594896905816e-03,1.638713307452741366e-02,-2.746932572217640782e-05
9.817347535897297250e-01,-1.652306404300091236e-01,3.907255223832066483e-04,2.334021471993609920e-03,1.638269520931256995e-02,-3.609541682059064249e-05
9.839813309422580367e-01,-1.488426234330696707e-01,3.509436025866362330e-04,2.160206367968472551e-03,1.639653318517099098e-02,-4.318444773126415811e-05
9.860565663241070977e-01,-1.324308979136129549e-01,3.049769847512318814e-04,1.990565697950754612e-03,1.643034208892476394e-02,-4.841401806181800630e-05
9.879622535737374589e-01,-1.159749561653551919e-01,2.548273208594417226e-04,1.820282537476648798e-03,1.648505098299039504e-02,-5.150960843543007418e-05
9.896952168981073550e-01,-9.945379288864092393e-02,2.027406992064722895e-04,1.644250705788219196e-03,1.656070642533226389e-02,-5.225920582886729200e-05
9.912470868743379349e-01,-8.284684641185770249e-02,1.511375301087823371e-04,1.457205574998015609e-03,1.665638111875035118e-02,-5.052632288783419693e-05
9.926041949041075618e-01,-6.613500363923968672e-02,1.025322175457654461e-04,1.253855595731485743e-03,1.677007573929142209e-02,-4.626358856721342696e-05
9.937476447677869862e-01,-4.930171589820490918e-02,5.943644841950372312e-05,1.029061289773477083e-03,1.689863776215508664e-02,-3.952672977558661417e-05
9.946535693067121153e-01,-3.233421289795053444e-02,2.424682422543979622e-05,7.780419012737538028e-04,1.703765746728447619e-02,-3.049148992413360385e-05
9.952936053200686084e-01,-1.522482477801866477e-02,-8.851112470833758218e-07,4.966776690110973362e-04,1.718132841033227429e-02,-1.947710531465654185e-05
9.956357902549634042e-01,2.027601195950541786e-03,-1.420721340523825208e-05,1.819747859881251737e-04,1.732240364317958956e-02,-6.968029691803166227e-06
9.956459991925546982e-01,1.941627921663815343e-02,-1.454240020575489407e-05,-1.672991962905765514e-04,1.745229859060611066e-02,6.370102137349723626e-06
9.952900611778301432e-01,3.692532007907584762e-02,-1.469035576072013176e-06,-5.498632719868354422e-04,1.756152009795414193e-02,1.969736279328717350e-05
9.945366148118561789e-01,5.452926701744050669e-02,2.452872663790303564e-05,-9.612931102261514484e-04,1.764060661815140818e-02,3.205389692317549402e-05
9.933603999203219903e-01,7.219377495643594655e-02,6.198952307108224896e-05,-1.393849425002210030e-03,1.768149494698584290e-02,4.246774455494722894e-05
9.917453363867082539e-01,8.987775988751046941e-02,1.085347262742224585e-04,-1.837089881212723968e-03,1.767900190286651047e-02,5.010262552244051514e-05
9.896865694742058572e-01,1.075368671258368630e-01,1.610788726416030668e-04,-2.279296247545287320e-03,1.763188167681983484e-02,5.440181054681379340e-05
9.871908285872142974e-01,1.251275680883033037e-01,2.161581529875693220e-04,-2.709319894108420945e-03,1.754297097794307522e-02,5.517192600969793488e-05
9.842750187034188247e-01,1.426108960422528549e-01,2.702973716394813596e-04,-3.118176327891130761e-03,1.741835268176607568e-02,5.257498542954623986e-05
9.809635606932014529e-01,1.599550110324757246e-01,3.203276671493270186e-04,-3.499877993344712238e-03,1.726593688562633178e-02,4.704219587378695856e-05
9.772853398354526266e-01,1.771362980898151807e-01,3.635969442553298983e-04,-3.851421677559589436e-03,1.709405565727379131e-02,3.915612600621489131e-05
9.732709790531178795e-01,1.941392414244407782e-01,3.980655032342751243e-04,-4.172221401369281824e-03,1.691046440770300682e-02,2.954532719449152138e-05
9.689507970848552088e-01,2.109555727629772170e-01,4.223145012923135632e-04,-4.463349630970964849e-03,1.672184855945699905e-02,1.881370733338798873e-05
9.643534916044156358e-01,2.275831314507777703e-01,4.355022182520323784e-04,-4.726854607249009708e-03,1.653375438981950427e-02,7.508257845185004746e-06
9.595054339623936279e-01,2.440247967586609557e-01,4.373025824435081187e-04,-4.965314544534235597e-03,1.635075633310179369e-02,-3.884328305067007817e-06
9.544302595638421982e-01,2.602876303432080651e-01,4.278497064089025132e-04,-5.181589565656079602e-03,1.617667326517179677e-02,-1.492931809938965046e-05
9.491486271561088151e-01,2.763822212993833904e-01,4.076926593088397543e-04,-5.378754112622610370e-03,1.601478801536349722e-02,-2.522836963759103292e-05
9.436780034335449097e-01,2.923222415586235745e-01,3.777666673906845745e-04,-5.560161201624781203e-03,1.586797458472440081e-02,-3.440660791859357308e-05
9.380323243021821966e-01,3.081240382048511806e-01,3.393719677597766536e-04,-5.729523117628357830e-03,1.573871754450109281e-02,-4.210809449286243879e-05
9.322215832497815491e-01,3.238062181901978920e-01,2.941546055398297889e-04,-5.891022689352960230e-03,1.562904044429702655e-02,-4.799775476489678979e-05
9.262513318547821450e-01,3.393891263519119850e-01,2.440814784053307277e-04,-6.049368421693242237e-03,1.554033579684425785e-02,-5.177371486591875329e-05
9.201221720265664317e-01,3.548940863886028696e-01,1.913956129854007128e-04,-6.209740849166137631e-03,1.547315063836741424e-02,-5.318754522647566637e-05
9.138293335215583735e-01,3.703424473272315942e-01,1.385516539255605875e-04,-6.377664977257241179e-03,1.542695558176927946e-02,-5.206871561913308080e-05
9.073624443075829493e-01,3.857544176337230346e-01,8.812598316062752297e-05,-6.558763926963266135e-03,1.539995423873561156e-02,-4.835018996546182769e-05
9.007056065068730355e-01,4.011477276801210246e-01,4.270056301669690441e-05,-6.758425909617947133e-03,1.538898863274739195e-02,-4.208924435212033468e-05
8.938377908278181128e-01,4.165362519131723951e-01,4.731120365039090124e-06,-6.981457175959888094e-03,1.538951930479911037e-02,-3.348248127269962620e-05
8.867336003253544208e-01,4.319286731339075924e-01,-2.359528996882739543e-05,-7.231711299028810436e-03,1.539571292526490873e-02,-2.287265082525423462e-05
8.793644204286943378e-01,4.473272715977223424e-01,-4.050698835699565332e-05,-7.511732097095332773e-03,1.540063038717755760e-02,-1.074643136985712525e-05
8.716998921787583177e-01,4.627269235906847356e-01,-4.478901182150043099e-05,-7.822405076510160343e-03,1.539646460512148450e-02,2.272364995188649710e-06
8.637097401437554556e-01,4.781144139612261146e-01,-3.591147143538970442e-05,-8.162605375268002297e-03,1.537491401485866285e-02,1.544090975874138494e-05
8.553659501284941458e-01,4.934682053433889215e-01,-1.413268831570907784e-05,-8.528897260542752864e-03,1.532773287406144491e-02,2.793236035756397877e-05
8.466451843385747189e-01,5.087588440401437095e-01,1.944236272095584519e-05,-8.915367251711842772e-03,1.524747644290516853e-02,3.889238640450858899e-05
8.375312163689266898e-01,5.239502098819528442e-01,6.287406887203755715e-05,-9.313760314422086378e-03,1.512843138186615102e-02,4.752286865484603461e-05
8.280170052857366292e-01,5.390017358519489932e-01,1.134958052575792147e-04,-9.714096704903717183e-03,1.496755961808647444e-02,5.318511089620997333e-05
8.181059142907197712e-01,5.538714467496298477e-01,1.681233762281625593e-04,-1.010576910364350579e-02,1.476513942924731829e-02,5.549590885986264386e-05
8.078116620428840156e-01,5.685193557121028807e-01,2.233431698576404916e-04,-1.047890571397595491e-02,1.452481710652471329e-02,5.438412864803384203e-05
7.971569343828346366e-01,5.829105675371231143e-01,2.758269367334396883e-04,-1.082561912722408877e-02,1.425298068415286126e-02,5.008578574373660146e-05
7.861709723102436875e-01,5.970174857637290389e-01,3.226102755693615221e-04,-1.114076314464859142e-02,1.395763597976291785e-02,4.307833507758487010e-05
7.748867253763488394e-01,6.108208126995365861e-01,3.612860423176807688e-04,-1.142202255144035561e-02,1.364717168440684504e-02,3.398002537991316057e-05
7.633382120026648288e-01,6.243094127132411408e-01,3.900939961520415449e-04,-1.166946438156193748e-02,1.332939777970319414e-02,2.345160083698712725e-05
7.515584845935887603e-01,6.374794248030812849e-01,4.079239198802985379e-04,-1.188484876773729902e-02,1.301100910330829120e-02,1.212456522067414290e-05
7.395782791518563659e-01,6.503330556998351275e-01,4.142654300009177720e-04,-1.207094050386076263e-02,1.269743844870410351e-02,5.622568616933269626e-07
7.274252817977964192e-01,6.628773614417331483e-01,4.091329831014154186e-04,-1.223098681840655184e-02,1.239300016006656888e-02,-1.074827290255077495e-05
7.151238294779225235e-01,6.751232630227691489e-01,3.929937810295873685e-04,-1.236843748553840931e-02,1.210114684877390545e-02,-2.138557720053166326e-05
7.026947564209351516e-01,6.870848068286377064e-01,3.667104584654378861e-04,-1.248683100020593802e-02,1.182471288896625762e-02,-3.097787846017930556e-05
6.901552929214591625e-01,6.987786420408654831e-01,3.314998257339430462e-04,-1.258984338424847665e-02,1.156611152992984524e-02,-3.918481617877195668e-05
6.775188746223457237e-01,7.102236700659353419e-01,2.889093742366391905e-04,-1.268143146093398711e-02,1.132740394731009126e-02,-4.568631003329941032e-05
6.647947830288247761e-01,7.214406495250523799e-01,2.407962998638178752e-04,-1.276596481900424927e-02,1.111024917536549556e-02,-5.018183970248155156e-05
6.519876584210281267e-01,7.324517255036381291e-01,1.893050110485895515e-04,-1.284836494299119482e-02,1.091572098542582976e-02,-5.240053210263109437e-05
6.390969316062886652e-01,7.432797181921025897e-01,1.368275761975684820e-04,-1.293411992949252028e-02,1.074401607777312681e-02,-5.212498854546191004e-05
6.261163279743927612e-01,7.539470545217535902e-01,8.593157691225996285e-05,-1.302913081464540136e-02,1.059411986874186050e-02,-4.922494442268809299e-05
6.130335757005148656e-01,7.644744012238348096e-01,3.925555310033483592e-05,-1.313939940112156604e-02,1.046347784201122864e-02,-4.369625960105123687e-05
5.998305613958918592e-01,7.748790285293570834e-01,-6.346977712437009079e-07,-1.327051166656561046e-02,1.034782225014381843e-02,-3.569451236256384181e-05
5.864840563632743864e-01,7.851730883292644680e-01,-3.141800684757909323e-05,-1.342702848994966822e-02,1.024122255740494286e-02,-2.555321605033995919e-05
5.729670213520611233e-01,7.953620730211742318e-01,-5.119580211331188076e-05,-1.361190838404784977e-02,1.013636806704964512e-02,-1.378129484981064434e-05
5.592504522504189168e-01,8.054436917255606287e-01,-5.865494634128214335e-05,-1.382605647794746088e-02,1.002509549355060613e-02,-1.035315960098673560e-06
5.453055744001032989e-01,8.154073375241588373e-01,-5.319362299045711132e-05,-1.406809991683526974e-02,9.899046441352924580e-03,1.192763714703267019e-05
5.311061374917832589e-01,8.252342244801591509e-01,-3.499444712695981026e-05,-1.433438738906392743e-02,9.750332912266235219e-03,2.430609521801107190e-05
5.166306075375892704e-01,8.348981760368010541e-01,-5.038850020777012663e-06,-1.461917349681976161e-02,9.572169562263522363e-03,3.531432339021600816e-05
5.018640972030490310e-01,8.443670226919738342e-01,3.493955691966505313e-05,-1.491497636174346150e-02,9.359443472062189961e-03,4.424350372228162210e-05
4.867998704248205910e-01,8.536045257527071772e-01,8.256157901912485368e-05,-1.521308003067092969e-02,9.109182466043768203e-03,5.051959684154447766e-05
4.714402651759126428e-01,8.625726903562185299e-01,1.349630710386338667e-04,-1.550417535981572434e-02,8.820899185405631920e-03,5.375568731639520726e-05
4.557968913455294757e-01,8.712343413854668484e-01,1.890041644489260698e-04,-1.577916589094746982e-02,8.496729333559558187e-03,5.379302790947987394e-05
4.398899890667803403e-01,8.795556955397920706e-01,2.415088301199698939e-04,-1.603002950029618762e-02,8.141255722376821574e-03,5.071774754254692290e-05
4.237469587552904482e-01,8.875085778028551919e-01,2.895048359753295405e-04,-1.625056744081779594e-02,7.760989676767931882e-03,4.484469833715894622e-05
4.074002789547017667e-01,8.950719663468871268e-01,3.304297486437061406e-04,-1.643687894102323008e-02,7.363591689409986624e-03,3.666942156023507475e-05
3.908851258564274844e-01,9.022327009062255376e-01,3.622776867009920641e-04,-1.658745719938324245e-02,6.956981753894937032e-03,2.679704216314598528e-05
3.742370867150951463e-01,9.089853425583523938e-01,3.836714083897159043e-04,-1.670290148585803006e-02,6.548566920569643540e-03,1.586687965469324031e-05
3.574903073731764969e-01,9.153313840903799514e-01,3.938639362509946396e-04,-1.678539705420642805e-02,6.144750263046479602e-03,4.492053890789717585e-06
3.406762029556865135e-01,9.212781255633902822e-01,3.926912900977807836e-04,-1.683814501075230063e-02,5.750734483909861368e-03,-6.778119966703204381e-06
3.238226885094560026e-01,9.268374832083886572e-01,3.805002592016308951e-04,-1.686486400814473513e-02,5.370568277520695703e-03,-1.747282731695433530e-05
3.069538405509532608e-01,9.320249240385484191e-01,3.580705460130096458e-04,-1.686946239578770990e-02,5.007359163405479541e-03,-2.719434755454455257e-05
2.900898057627228077e-01,9.368586635378591820e-01,3.265495259445663615e-04,-1.685590408197147616e-02,4.663517147000523569e-03,-3.560298890080411491e-05
2.732467443780061678e-01,9.413590611246803741e-01,2.874018042063900208e-04,-1.682819475899323056e-02,4.340959487053070755e-03,-4.240086518813469813e-05
2.564367383646563581e-01,9.455481994933980783e-01,2.423750408335136497e-04,-1.679050973263434762e-02,4.041237717071284770e-03,-4.731702226571936652e-05
2.396675396145645232e-01,9.494495452210633957e-01,1.934781213393217214e-04,-1.674736782586424069e-02,3.765520176509570913e-03,-5.010283718059758740e-05
2.229421527954582594e-01,9.530874705436681582e-01,1.429533986965286167e-04,-1.670377582310372810e-02,3.514449678808623245e-03,-5.053881884823157401e-05
2.062582700264488089e-01,9.564866079449779734e-01,9.324046485494260630e-05,-1.666533595622324282e-02,3.287825792396949134e-03,-4.845705904171619151e-05
1.896077227141711730e-01,9.596708082335129175e-01,4.690650119414955176e-05,-1.663814191821413879e-02,3.084197979664246754e-03,-4.377839294982223747e-05
1.729761432573283519e-01,9.626616526721739620e-01,6.532628339188889540e-06,-1.662843306338222457e-02,2.900429013758823015e-03,-3.656024868769854925e-05
1.563430854080711530e-01,9.654765940855122297e-01,-2.544582402795367141e-05,-1.664197557267058439e-02,2.731367670412657416e-03,-2.704463662255995345e-05
1.396829294274634092e-01,9.681269237487113433e-01,-4.694018577681203949e-05,-1.668320397462343119e-02,2.569863135670229313e-03,-1.568600752437251494e-05
1.229666612537691078e-01,9.706159487835448463e-01,-5.642127466520397273e-05,-1.675434874190935911e-02,2.407215869295412439e-03,-3.143229154995153087e-06
1.061644128846276763e-01,9.729378468256012491e-01,-5.310154711558621250e-05,-1.685481736763652649e-02,2.234046365326210204e-03,9.771891864178500878e-06
8.924840526136125496e-02,9.750775378914153801e-01,-3.704607064490371545e-05,-1.698103932932436624e-02,2.041407937133516912e-03,2.218224540998251911e-05
7.219577966203499786e-02,9.770116628303736617e-01,-9.187236769401897410e-06,-1.712683872480398259e-02,1.821844789352086496e-03,3.324657017885515972e-05
5.499085352696701789e-02,9.787104803229382810e-01,2.875705031959216096e-05,-1.728419478569586526e-02,1.570129846292357776e-03,4.224724609665759622e-05
3.762651809366473338e-02,9.801402878352046821e-01,7.443846583376771318e-05,-1.744413045931289888e-02,1.283591491817248761e-03,4.864818905924306601e-05
2.010476056322904256e-02,9.812659913060542971e-01,1.250759103651300050e-04,-1.759755336530090600e-02,9.621038640298178136e-04,5.212295209289038745e-05
2.436423216460811142e-03,9.820535485722399205e-01,1.776688254687632158e-04,-1.773595063108494505e-02,6.078427915481420668e-04,5.255812965630486493e-05
-1.535965343680449971e-02,9.824721024289194693e-01,2.292055589861766130e-04,-1.785190598326193492e-02,2.249175110014467113e-04,5.004009943951037281e-05
-3.325792008557477974e-02,9.824956937499187415e-01,2.768511397557571474e-04,-1.793947894037444327e-02,-1.810459407836217808e-04,4.483278773252349133e-05
-5.122774383962915012e-02,9.821045455837672522e-01,3.181102845360064932e-04,-1.799448065223219553e-02,-6.033896107123609643e-04,3.734612122435613298e-05
-6.923524197216270049e-02,9.812858402307803596e-01,3.509546718370454158e-04,-1.801460244024715579e-02,-1.034951427330421583e-03,2.809586463554259104e-05
-8.724515875419873445e-02,9.800339541775057173e-01,3.739059633302374173e-04,-1.799938214300093528e-02,-1.468590666167417106e-03,1.765820028791354924e-05
-1.052226202482687695e-01,9.783501906961563632e-01,3.860724296241685970e-04,-1.795001188085695865e-02,-1.897660027310754151e-03,6.623507551321975176e-06
-1.231346367502820227e-01,9.762420988123211574e-01,3.871422649763724285e-04,-1.786900691519030179e-02,-2.316367408083484271e-03,-4.445212147149505059e-06
-1.409512353033056109e-01,9.737225041175120444e-01,3.773401449517546895e-04,-1.775980067273572743e-02,-2.719961330254925744e-03,-1.504165427402917293e-05
-1.586461725496284281e-01,9.708084547953281795e-01,3.573623949249735404e-04,-1.762637267453439835e-02,-3.104740713193405305e-03,-2.472980615731788909e-05
-1.761973244466353283e-01,9.675202179602417907e-01,3.283052317712946834e-04,-1.747294886947426892e-02,-3.467954489092632368e-03,-3.314591945939316655e-05
-1.935868401508296088e-01,9.638804010580650505e-01,2.915951169344015224e-04,-1.730381404338732221e-02,-3.807617882217536557e-03,-3.998986822706185269e-05
-2.108011628011852157e-01,9.599133006025043491e-01,2.489332229319891768e-04,-1.712328453105191675e-02,-4.122326463863094578e-03,-4.501109825384760340e-05
-2.278310819977710788e-01,9.556443860021659464e-01,2.022516697762489742e-04,-1.693575348080724602e-02,-4.411132691608743266e-03,-4.799735286252151826e-05
-2.446718724245522114e-01,9.510998520116054067e-01,1.536776740805647083e-04,-1.674582594969462046e-02,-4.673503293355842081e-03,-4.876726459601030638e-05
-2.613236026790538569e-01,9.463061952902258600e-01,1.055049100118489008e-04,-1.655849576666930736e-02,-4.909436480788124252e-03,-4.717479447822872841e-05
-2.777915582659722382e-01,9.412895491690874694e-01,6.014793972956000159e-05,-1.637923397157389771e-02,-5.119700119420199889e-03,-4.312648396388684931e-05
-2.940867415804507834e-01,9.360747194280460981e-01,2.007416063691330814e-05,-1.621397388779102430e-02,-5.306247649630366908e-03,-3.661649395124722412e-05
-3.102262232117587448e-01,9.306837675640109442e-01,-1.230629895951519292e-05,-1.606882790379876580e-02,-5.472709921141807009e-03,-2.777597879155075728e-05
-3.262330151073665752e-01,9.251341126988872343e-01,-3.480520390381245066e-05,-1.594945130986747880e-02,-5.624800569855177047e-03,-1.692585413098318022e-05
-3.421351646314322870e-01,9.194363376259134801e-01,-4.566846436812995797e-05,-1.586007553801351000e-02,-5.770443313987051737e-03,-4.616042263538854446e-06
-3.579637744907520625e-01,9.135921489494087666e-01,-4.380737795695996206e-05,-1.580238961308242859e-02,-5.919335766553726272e-03,8.377895234682915384e-06
-3.737499769041530140e-01,9.075931121230214060e-01,-2.899602466577223049e-05,-1.577465486274349724e-02,-6.081842839621497826e-03,2.112122532361282575e-05
-3.895213197117960990e-01,9.014207303643433367e-01,-1.973282274606369806e-06,-1.577148925068004928e-02,-6.267453062273289043e-03,3.264328843798494851e-05
-4.052983782629954734e-01,8.950480888085345921e-01,3.559345202179630514e-05,-1.578450313102762112e-02,-6.483293887536252173e-03,4.208140562651153151e-05
-4.210923628758314052e-01,8.884427507705635607e-01,8.127976079486637459e-05,-1.580359730140219396e-02,-6.733189533002483830e-03,4.879926443998879824e-05
-4.369041548332111002e-01,8.815701981979090496e-01,1.321647135976702838e-04,-1.581844823485999835e-02,-7.017510402643635688e-03,5.244464562405628665e-05
-4.527247196319398870e-01,8.743970804372970251e-01,1.851171884677176656e-04,-1.581971045375191870e-02,-7.333689047899814330e-03,5.294276582263692958e-05
-4.685364756883341752e-01,8.668937457869396734e-01,2.370511431202666189e-04,-1.579970884243349361e-02,-7.677036182403466393e-03,5.044898426398836241e-05
-4.843151221818046692e-01,8.590359414565679197e-01,2.851251741974144736e-04,-1.575269440380296440e-02,-8.041555472711802571e-03,4.528825443000120089e-05
-5.000315632355343265e-01,8.508057834866746827e-01,3.268837473359437066e-04,-1.567481025252953630e-02,-8.420605838211357372e-03,3.789841873005482287e-05
-5.156537310781855732e-01,8.421921539010410740e-01,3.603470752582369906e-04,-1.556392009980095761e-02,-8.807368316107157258e-03,2.878552484966978090e-05
-5.311481963451969435e-01,8.331907040373699447e-01,3.840610781092868280e-04,-1.541942024598191331e-02,-9.195157765836098340e-03,1.849146521131791351e-05
-5.464816134599881359e-01,8.238035964888338336e-01,3.971199064173973879e-04,-1.524205951851049547e-02,-9.577676980483607744e-03,7.566631800276923715e-06
-5.616219924959685583e-01,8.140390115940410176e-01,3.991628341832835903e-04,-1.503374546718921727e-02,-9.949217945701424939e-03,-3.453407069892419898e-06
-5.765397444833465501e-01,8.039104793881374222e-01,3.903490982875210927e-04,-1.479734758016465826e-02,-1.030480994443297958e-02,-1.406683231103003890e-05
-5.912085318416050450e-01,7.934360833018172521e-01,3.713156615107842382e-04,-1.453647332550289314e-02,-1.064033998860516514e-02,-2.382283126246916065e-05
-6.056059011686864002e-01,7.826375612835504425e-01,3.431194028860277815e-04,-1.425522283314855330e-02,-1.095259803153304616e-02,-3.233304598042570160e-05
-6.197136571282698680e-01,7.715394264224656462e-01,3.071729363468781587e-04,-1.395799144273716930e-02,-1.123924001142833327e-02,-3.927468427107629441e-05
-6.335180719639459390e-01,7.601681391191431603e-01,2.651796241792251686e-04,-1.364930186492612114e-02,-1.149871378232531806e-02,-4.438952475471250693e-05
-6.470099638112414286e-01,7.485513499770175549e-01,2.190702660087521635e-04,-1.333370753470935859e-02,-1.173013867154555287e-02,-4.747696206467607720e-05
-6.601847245071891246e-01,7.367173089421341636e-01,1.709519952540920816e-04,-1.301580921201941736e-02,-1.193321276540820243e-02,-4.838619267286919625e-05
-6.730423825293745388e-01,7.246942992446678833e-01,1.230597846953608967e-04,-1.270029605717586454e-02,-1.210816782252203266e-02,-4.701169231436605364e-05
-6.855877408360310232e-01,7.125100792902689939e-01,7.771016866352181511e-05,-1.239205337499247814e-02,-1.225581731143523916e-02,-4.329477667544845171e-05
-6.978306395410993623e-01,7.001912388182498503e-01,3.725084521229365882e-05,-1.209625393709425067e-02,-1.237775334225710983e-02,-3.723818475629202360e-05
-7.097862145377092924e-01,6.877622682845559998e-01,3.985313088526015747e-06,-1.181832818674137704e-02,-1.247664057483910925e-02,-2.893221039952348741e-05
-7.214750891458410198e-01,6.752442675764261937e-01,-1.993516840172295722e-05,-1.156375418898916707e-02,-1.255665500452505384e-02,-1.859788819606571558e-05
-7.329231900220399831e-01,6.626532301518384127e-01,-3.266591310832156567e-05,-1.133752183781944721e-02,-1.262389916461477760e-02,-6.636694699041289320e-06
-7.441608176664765706e-01,6.499980067157993258e-01,-3.287038545704669488e-05,-1.114322836505601301e-02,-1.268656978114033815e-02,6.331261859822168801e-06
-7.552206911020140634e-01,6.372782962480678659e-01,-1.994614900814624387e-05,-1.098191877142291537e-02,-1.275464126657195954e-02,1.946412075703607972e-05
-7.661348475253467738e-01,6.244833448191500214e-01,5.780026289052724943e-06,-1.085103741567475591e-02,-1.283880205942509838e-02,3.176237360740244637e-05
-7.769307653079980946e-01,6.115920613481886647e-01,4.295872400960388810e-05,-1.074402712195151807e-02,-1.294872891661618883e-02,4.220708258501146558e-05
-7.876275860744208490e-01,5.985749661082697681e-01,8.928524109441787738e-05,-1.065098726655292274e-02,-1.309124912599638618e-02,4.993589874071694139e-05
-7.982335237759529134e-01,5.853977234015415032e-01,1.417351454962488219e-04,-1.056028685032987108e-02,-1.326912147885813721e-02,5.439118973764527456e-05
-8.087451299500955093e-01,5.720253805227212274e-01,1.969102893869026350e-04,-1.046054311686339319e-02,-1.348089248812752057e-02,5.538536420853439708e-05
-8.191483911457356770e-01,5.584262145374589981e-01,2.514001583008438267e-04,-1.034221552930277011e-02,-1.372174997754558277e-02,5.307016230599253084e-05
-8.294210390735970995e-01,5.445744466906161652e-01,3.020783824129038642e-04,-1.019839741817416337e-02,-1.398485579716430942e-02,4.784334486953320878e-05
-8.395352555920122528e-01,5.304516196972431930e-01,3.462949394627703016e-04,-1.002484755194348216e-02,-1.426259023716739370e-02,4.024264936379472901e-05
-8.494601535834572781e-01,5.160469026734471054e-01,3.819702233599080740e-04,-9.819589660745144458e-03,-1.454741507640950476e-02,3.086090102177518147e-05
-8.591637779728157343e-01,5.013567528695235254e-01,4.076209729462455735e-04,-9.582387306629904997e-03,-1.483234829457224721e-02,2.029106365756712857e-05
-8.686146154159881672e-01,4.863842515035921021e-01,4.223448850703695402e-04,-9.314267972860829428e-03,-1.511114063855083060e-02,9.098120193376710342e-06
-8.777826632233712845e-01,4.711383538592414655e-01,4.257857561948871208e-04,-9.017198055011308583e-03,-1.537828228997327983e-02,-2.190547202301705882e-06
-8.866402580643855114e-01,4.556331641165470292e-01,4.180939734626915017e-04,-8.693874024913866849e-03,-1.562899011560895182e-02,-1.309007413114232748e-05
-8.951627506101045295e-01,4.398872085594997539e-01,3.998822659400049395e-04,-8.347579708024811460e-03,-1.585918987810166353e-02,-2.316086227929343392e-05
-9.033290248615752915e-01,4.239227402914450549e-01,3.721795248195364507e-04,-7.982103845581983714e-03,-1.606551364420682679e-02,-3.201107691102604607e-05
-9.111219608164212724e-01,4.077650154227454027e-01,3.363802154578620566e-04,-7.601633974367131251e-03,-1.624533650165992799e-02,-3.930306348610384512e-05
-9.185287856147771324e-01,3.914415236222609229e-01,2.941864218610732470e-04,-7.210644271390156436e-03,-1.639679207486351500e-02,-4.475804520453295480e-05
-9.255413021746277114e-01,3.749812518954482310e-01,2.475491894077095256e-04,-6.813804431205497218e-03,-1.651877613993369201e-02,-4.815920980012403487e-05
-9.321560316598802576e-01,3.584139151399533540e-01,1.986044203169886908e-04,-6.415865517031353257e-03,-1.661092989926997443e-02,-4.935352356576441931e-05
-9.383742582649424735e-01,3.417692196812190941e-01,1.496087276764369509e-04,-6.021597922111427206e-03,-1.667360123161718000e-02,-4.825029384836488489e-05
-9.442020452871899838e-01,3.250761875086169983e-01,1.028795590902506604e-04,-5.635776978973805994e-03,-1.670783803525852096e-02,-4.482128916109301582e-05
-9.496502201166417967e-01,3.083624359470419352e-01,6.073030955800716717e-05,-5.263167526922202070e-03,-1.671540372507278674e-02,-3.910278884131122097e-05
-9.547343736580351514e-01,2.916534131586012712e-01,2.540158601722010450e-05,-4.908535418991633384e-03,-1.669888489220888728e-02,-3.120502898948461067e-05
-9.594748565869952728e-01,2.749714911396285988e-01,-1.020302853947431627e-06,-4.576587943636380856e-03,-1.666190155006920179e-02,-2.133237486978293234e-05
-9.638966048291386368e-01,2.583348084650121113e-01,-1.671139229755597136e-05,-4.271767497938431038e-03,-1.660935582037423655e-02,-9.810523529020003994e-06
-9.680286990070461339e-01,2.417558202449683058e-01,-2.025057389598068245e-05,-3.997818783878816229e-03,-1.654773154728816920e-02,2.876284811295141807e-06
-9.719033328918692538e-01,2.252396502833426961e-01,-1.079222601343413150e-05,-3.757060640636663076e-03,-1.648520869731766314e-02,1.605715653603612264e-05
-9.755539032801070487e-01,2.087825040684702649e-01,1.174477288620655394e-05,-3.549421725980403484e-03,-1.643136828383557138e-02,2.887682669456368166e-05
-9.790121268162824686e-01,1.923706381072877725e-01,4.651336486765995026e-05,-3.371486375542648121e-03,-1.639630070483558480e-02,4.035111251436672046e-05
-9.823044096574177209e-01,1.759805914010697803e-01,9.166797646635871388e-05,-3.216035165352679366e-03,-1.638904856212618916e-02,4.949358771102862879e-05
-9.854482058938153211e-01,1.595811592368416021e-01,1.444484019181778672e-04,-3.072553082887173690e-03,-1.641576733964571558e-02,5.549131943557191452e-05
-9.884494229119864528e-01,1.431370411578122559e-01,2.014382547524873530e-04,-2.928804003683933930e-03,-1.647834239624346511e-02,5.786677625911105876e-05
-9.913017612900969500e-01,1.266133582818111669e-01,2.589488041437629728e-04,-2.772969898269376978e-03,-1.657410789925741618e-02,5.655623993419770521e-05
-9.939881207950327369e-01,1.099798344709855130e-01,3.134247547330042019e-04,-2.595514949873445679e-03,-1.669675221686875780e-02,5.187632371088774202e-05
-9.964834555087115353e-01,9.321366981316241140e-02,3.617705811146594585e-04,-2.390154001012070872e-03,-1.683791255363874251e-02,4.440712876335202165e-05
-9.987580845884937997e-01,7.630078154770461585e-02,4.015438594747727384e-04,-2.153843332830420679e-03,-1.698875006056137574e-02,3.485270731946425455e-05
-1.000780658121986466e+00,5.923568687870584687e-02,4.310198698052596523e-04,-1.886141170728631352e-03,-1.714104236767119427e-02,2.392845250108307367e-05
-1.002520344098174476e+00,4.202058468907429040e-02,4.491658528289787285e-04,-1.588397079905158084e-03,-1.728768381868027448e-02,1.229656374389867868e-05
-1.003948251773735922e+00,2.466417016103654436e-02,4.555725060334353776e-04,-1.263065393114596712e-03,-1.742277857815730663e-02,5.405633582315357376e-07
-1.005038299014158421e+00,7.180480510165527380e-03,4.503742318698310829e-04,-9.132252920881491712e-04,-1.754151180107758543e-02,-1.083543702185582937e-05
-1.005767683808347801e+00,-1.041208797317759970e-02,4.341744656651446354e-04,-5.423354589066833962e-04,-1.763993908978526287e-02,-2.139443517450921291e-05
-1.006117198714844951e+00,-2.809155660575192448e-02,4.079851276934743157e-04,-1.541380142207788315e-04,-1.771483324854195365e-02,-3.075561196583892433e-05
-1.006071516143241196e+00,-4.583304504314929945e-02,3.731735940317319256e-04,2.473721702525866488e-04,-1.776359317649036859e-02,-3.858727923143815785e-05
-1.005619436948742784e+00,-6.360936969518643513e-02,3.314157700690635805e-04,6.579233538182770137e-04,-1.778422034070736152e-02,-4.460446306504001614e-05
-1.004754165953754885e+00,-8.139166008005423170e-02,2.846480103542953048e-04,1.072977722925552452e-03,-1.777536430852668520e-02,-4.857344627956244225e-05
-1.003473560640246287e+00,-9.915005637528601090e-02,2.350109353183508067e-04,1.487782724745682298e-03,-1.773638658066153256e-02,-5.031890789845288475e-05
-1.001780314770055247e+00,-1.168544431630332697e-01,1.847882308221528071e-04,1.897435609030634351e-03,-1.766743373244486839e-02,-4.973218965510072399e-05
-9.996820535036893274e-01,-1.344752625344562968e-01,1.363360810851767442e-04,2.296997836192134039e-03,-1.756949563070410447e-02,-4.677941625293483111e-05
-9.971912994507613481e-01,-1.519843889434286111e-01,9.200380869643469406e-05,2.681620531843335875e-03,-1.744443153317150330e-02,-4.150699246304617886e-05
-9.943253431566869693e-01,-1.693560057321082390e-01,5.405194540524846635e-05,3.046648452553710543e-03,-1.729500989811622730e-02,-3.404775846603401879e-05
-9.911059821191207098e-01,-1.865675252420857522e-01,2.456317032375734461e-05,3.387751793774551341e-03,-1.712494027434579777e-02,-2.462707892740804920e-05
-9.875591062637028017e-01,-2.036005635705199213e-01,5.344601460736210799e-06,3.701075838723863649e-03,-1.693892355774313102e-02,-1.357096897302669780e-05
-9.837141481377440488e-01,-2.204419865918499644e-01,-2.179528650170773286e-06,3.983465753233252950e-03,-1.674276379629743849e-02,-1.321502120785086922e-06
-9.796032007849851952e-01,-2.370850247091862151e-01,2.910629159651865258e-06,4.232828592776198030e-03,-1.654340712444554023e-02,1.155097451904066227e-05
-9.752596959233817975e-01,-2.535304075547419322e-01,2.089665184024256056e-05,4.448658167869760927e-03,-1.634887859046858100e-02,2.434081997091458316e-05
-9.707165071393870637e-01,-2.697873233044412178e-01,5.128975785641574177e-05,4.632705462309164024e-03,-1.616795824368219558e-02,3.621985889827440908e-05
-9.660033689693616754e-01,-2.858737993991845028e-01,9.273391309584467026e-05,4.789593722820907271e-03,-1.600939001441739618e-02,4.629326389371436095e-05
-9.611438148886479738e-01,-3.018160852459516597e-01,1.429865919702185068e-04,4.927087176594097985e-03,-1.588063961038255895e-02,5.370420470578681941e-05
-9.561521881691823488e-01,-3.176466442657375211e-01,1.990257833258559750e-04,5.055649702690789837e-03,-1.578642240391870191e-02,5.777635235464767381e-05
-9.510315360436297771e-01,-3.334007524050863203e-01,2.573032387064177638e-04,5.187127543879735229e-03,-1.572750431661305501e-02,5.815330282783103883e-05
-9.457731560741587939e-01,-3.491122915789614534e-01,3.141100610833391649e-04,5.332845681965424356e-03,-1.570036164932275130e-02,5.487545924302370134e-05
-9.403580566018081566e-01,-3.648097465991829713e-01,3.659707954780579576e-04,5.501798465905085797e-03,-1.569793596880320746e-02,4.835665270544152325e-05
-9.347598994644400472e-01,-3.805133946747993878e-01,4.099670001343784704e-04,5.699599363173034686e-03,-1.571116176377146748e-02,3.927310009596520266e-05
-9.289484896328683572e-01,-3.962341398810866888e-01,4.439269868401517281e-04,5.928406205253273359e-03,-1.573060329556892623e-02,2.841875812078818728e-05
-9.228929470521674006e-01,-4.119738049292213100e-01,4.664773786129238625e-04,6.187567586329260905e-03,-1.574768063142124516e-02,1.657978791404603121e-05
-9.165640610260221699e-01,-4.277263336029297758e-01,4.769931427725714263e-04,6.474559973464421442e-03,-1.575527789266170306e-02,4.457147839751599930e-06
-9.099357239524310526e-01,-4.434793356932638653e-01,4.754943754606478948e-04,6.785836383604677488e-03,-1.574781703058043478e-02,-7.360874636175685656e-06
-9.029856242422112933e-01,-4.592155292213955242e-01,4.625340437307443541e-04,7.117396791182292216e-03,-1.572104587876525100e-02,-1.839378542807108390e-05
-8.956955393168243296e-01,-4.749139183105144935e-01,4.390994425443374167e-04,7.465109908921953481e-03,-1.567174651497564228e-02,-2.825080065556278324e-05
-8.880514010575428774e-01,-4.905506941628161588e-01,4.065327248203059107e-04,7.824813774837281050e-03,-1.559745356647946647e-02,-3.660824232670189642e-05
-8.800433207987228279e-01,-5.060998710789601507e-01,3.664740406338538002e-04,8.192276669013873885e-03,-1.549628282051900355e-02,-4.319334995380865952e-05
-8.716657057951793242e-01,-5.215338450091137057e-01,3.208137373964876004e-04,8.563138428763668319e-03,-1.536686646390944370e-02,-4.777711565515203401e-05
-8.629174262489817115e-01,-5.368239160221924822e-01,2.716490033681576957e-04,8.932823724592251977e-03,-1.520838143948681498e-02,-5.017470235337708850e-05
-8.538020510048135447e-01,-5.519408648417434282e-01,2.212373961832441935e-04,9.296510510789361345e-03,-1.502066477679932753e-02,-5.025490318079033324e-05
-8.443280669108705894e-01,-5.668557081888698779e-01,1.719340859842708076e-04,9.649192626426147945e-03,-1.480435273349367184e-02,-4.795396446193598075e-05
-8.345090203494676118e-01,-5.815405655401053586e-01,1.261174550149609297e-04,9.985791230900686530e-03,-1.456103810184592937e-02,-4.329211253876332031e-05
-8.243634929696227465e-01,-5.959696677373559348e-01,8.609824190479274794e-05,1.030136301788844855e-02,-1.429338405307155682e-02,-3.638848753049578967e-05
-8.139148219239299431e-01,-6.101204694223469893e-01,5.401354577912493036e-05,1.059136050110638314e-02,-1.400516132162403157e-02,-2.747043521717452413e-05
-8.031905939912257208e-01,-6.239747557885045870e-01,3.171623717617431585e-05,1.085189745623567001e-02,-1.370124911394233688e-02,-1.687959786245239797e-05
-7.922218342697654458e-01,-6.375197012612200398e-01,2.066166643324213919e-05,1.108003796198415124e-02,-1.338753934450251717e-02,-5.069933866061811566e-06
-7.810419006230449046e-01,-6.507488171705277935e-01,2.179765906299600619e-05,1.127407297636266043e-02,-1.307078597313082909e-02,7.399516968628414360e-06
-7.696851308182744988e-01,-6.636627367735602467e-01,3.546349942839575691e-05,1.143381789061675459e-02,-1.275842316992355924e-02,1.987416884708286395e-05
-7.581851610763655769e-01,-6.762697353530764399e-01,6.130508925505684685e-05,1.156092337760793350e-02,-1.245824687831442387e-02,3.162522571081856197e-05
-7.465729272023575724e-01,-6.885858725640072731e-01,9.821656502145752828e-05,1.165917090895247747e-02,-1.217794711559035299e-02,4.188458611374387740e-05
-7.348744192619384163e-01,-7.006345807326648245e-01,1.443255291820804776e-04,1.173468367976617313e-02,-1.192443214179338823e-02,4.990005830104235208e-05
-7.231083545451875150e-01,-7.124454384130319839e-01,1.970487927494000209e-04,1.179584748731212634e-02,-1.170291876055174103e-02,5.501795854671557862e-05
-7.112841386899261265e-01,-7.240519828444844652e-01,2.532400933925715164e-04,1.185276669151118234e-02,-1.151595687236485477e-02,5.678224587523090751e-05
-6.994006396938745596e-01,-7.354886357846514011e-01,3.094352338559504950e-04,1.191618852087875970e-02,-1.136269442055717199e-02,5.502458037836922480e-05
-6.874462485407587531e-01,-7.467871734594870858e-01,3.621673936268468195e-04,1.199606074958855205e-02,-1.123872025131075064e-02,4.991159207461092064e-05
-6.754004182212430818e-01,-7.579734116789680343e-01,4.082975536987343886e-04,1.210010933003509599e-02,-1.113668244687270742e-02,4.192291581542621683e-05
-6.632363918494110777e-01,-7.690648433807069084e-01,4.452878752802806486e-04,1.223293652469449252e-02,-1.104753238295855255e-02,3.176161783926197303e-05
-6.509244631449119245e-01,-7.800696640965607553e-01,4.713641430484161524e-04,1.239589184171911718e-02,-1.096195492798586468e-02,2.023012961465460880e-05
-6.384349993559095271e-01,-7.909871215893190532e-01,4.855550259371947024e-04,1.258759700034940004e-02,-1.087151682397842836e-02,8.115943421889108828e-06
-6.257407521863949107e-01,-8.018087647126852513e-01,4.876347751551026767e-04,1.280480354434872237e-02,-1.076931670316887829e-02,-3.886239992880175197e-06
-6.128182967440253259e-01,-8.125200813372265296e-01,4.780108474263583735e-04,1.304325678039167276e-02,-1.065012612379630762e-02,-1.520739094319399103e-05
-5.996486914252231459e-01,-8.231020936484286787e-01,4.575969202369954930e-04,1.329833136334392790e-02,-1.051018308686085291e-02,-2.540090370882246018e-05
-5.862176361160416072e-01,-8.335326540362982817e-01,4.277005477064596550e-04,1.356538653907250237e-02,-1.034686490713239079e-02,-3.412209464742310097e-05
-5.725154194893573578e-01,-8.437874286040633054e-01,3.899333360647503775e-04,1.383991096112874818e-02,-1.015836715793709891e-02,-4.110331343240329144e-05
-5.585367895798568627e-01,-8.538405868092991957e-01,3.461452219771920667e-04,1.411748159055294799e-02,-9.943458801427450949e-03,-4.613145398111746505e-05
-5.442809155051826497e-01,-8.636652902630856943e-01,2.983785727863689217e-04,1.439364783005743671e-02,-9.701378690387832057e-03,-4.903615878199200619e-05
-5.297514779663404783e-01,-8.732341865152034588e-01,2.488247357344978224e-04,1.466382279753491481e-02,-9.431838121952026283e-03,-4.968751558785343799e-05
-5.149568646457218790e-01,-8.825199156671769130e-01,1.997820473861961963e-04,1.492317433733107886e-02,-9.135151697142513197e-03,-4.800492554786047676e-05
-4.999104164019430030e-01,-8.914958071167849996e-01,1.535984324857702212e-04,1.516664011331751716e-02,-8.812438267885107021e-03,-4.397486185056449667e-05
-4.846305923560207396e-01,-9.001368197788728320e-01,1.125910591982712917e-04,1.538905923533223988e-02,-8.465848011820270233e-03,-3.767341708238773433e-05
-4.691409771443442733e-01,-9.084206696341666776e-01,7.894654602672313015e-05,1.558542451633846380e-02,-8.098786276900877407e-03,-2.929104619108225109e-05
-4.534699167656288665e-01,-9.163291417481179701e-01,5.459716097682721107e-05,1.575128450168955876e-02,-7.716000537292516670e-03,-1.914854368990173784e-05
-4.376497329089859001e-01,-9.238494289013007288e-01,4.108608651770569159e-05,1.588319894103247185e-02,-7.323523214126297608e-03,-7.701371421882497430e-06
-4.217155034802400615e-01,-9.309753177041186767e-01,3.943722733642836405e-05,1.597918655654536821e-02,-6.928448923474003242e-03,4.470802551374290387e-06
-4.057034020646618777e-01,-9.377080438257461292e-01,5.004507345813371996e-05,1.603908948967400563e-02,-6.538512501303128145e-03,1.669385981858458750e-05
-3.896487454660446659e-01,-9.440566810416561871e-01,7.259985838673155495e-05,1.606478448881482404e-02,-6.161566290329920960e-03,2.824118230104725341e-05
-3.735839249984633792e-01,-9.500379873813820097e-01,1.060584206084989103e-04,1.606024551725483696e-02,-5.805017195820004298e-03,3.838227042980852375e-05
-3.575363530123898403e-01,-9.556756554107367352e-01,1.486681663028385997e-04,1.603143612596356557e-02,-5.475226685537298507e-03,4.643811369257381340e-05
-3.415265908971381048e-01,-9.609989685903738144e-01,1.980473967315156370e-04,1.598603169924891002e-02,-5.176929820793754397e-03,5.183833277528866257e-05
-3.255668418022221178e-01,-9.660409045543179030e-01,2.513220044540615808e-04,1.593297458424969976e-02,-4.912702629411567698e-03,5.417732574087061038e-05
-3.096599997835108309e-01,-9.708357558204105953e-01,3.053161026596796146e-04,1.588181139320886739e-02,-4.682527266233860175e-03,5.326609654695352509e-05
-2.937994750828100132e-01,-9.754164044557860347e-01,3.567889939838967371e-04,1.584180646477791055e-02,-4.483590858279466566e-03,4.916804552022414692e-05
-2.779699657692249470e-01,-9.798115659076686024e-01,4.026940981245508470e-04,1.582096285826561574e-02,-4.310452378597401900e-03,4.220421815396482727e-05
-2.621491685371653557e-01,-9.840434282028615032e-01,4.404222113235077844e-04,1.582514769531282242e-02,-4.155624067238494410e-03,3.291996936428423731e-05
-2.463102319296806564e-01,-9.881260539451018898e-01,4.679928528610732960e-04,1.585753417427228709e-02,-4.010510529634039867e-03,2.201377046647381102e-05
-2.304245265955816302e-01,-9.920648000069853811e-01,4.841625565255489017e-04,1.591853346044565937e-02,-3.866473010025113163e-03,1.024497704618046303e-05
-2.144642472242014597e-01,-9.958567538475342484e-01,4.884402281224865371e-04,1.600619667117975445e-02,-3.715737671479724894e-03,-1.654397366470618671e-06
-1.984044385407026378e-01,-9.994919087935797419e-01,4.810255589969222607e-04,1.611688994216660745e-02,-3.551948382535250956e-03,-1.304236844783752527e-05
-1.822243101704091317e-01,-1.002954699761842594e+00,4.627008861235223491e-04,1.624602139976260434e-02,-3.370347126148564351e-03,-2.339808518942453717e-05
-1.659078870664765781e-01,-1.006225559189256380e+00,4.347072410577877688e-04,1.638864712898180365e-02,-3.167649229562386707e-03,-3.232370733009011109e-05
-1.494441498910847876e-01,-1.009282256037656200e+00,3.986285599549259525e-04,1.653984873499401986e-02,-2.941745007594294067e-03,-3.952639787212536320e-05
-1.328269051701618242e-01,-1.012100895165001901e+00,3.562997874588168744e-04,1.669488569484416790e-02,-2.691387806599195368e-03,-4.479446908304570682e-05
-1.160546059966185706e-01,-1.014656661912735292e+00,3.097358818199231274e-04,1.684920858983166361e-02,-2.415937355017684900e-03,-4.797548414207470437e-05
-9.913020797213539792e-02,-1.016924340985635444e+00,2.610810289382733029e-04,1.699833473863584382e-02,-2.115207453047390860e-03,-4.896067229989722294e-05
-8.206117846547250627e-02,-1.018878733337442721e+00,2.125697461844617577e-04,1.713770143818599614e-02,-1.789459826875860722e-03,-4.768154604009156689e-05
-6.485962835062249188e-02,-1.020495178892592891e+00,1.664810028148927220e-04,1.726255677272878208e-02,-1.439501838778226061e-03,-4.411627535425926655e-05
-4.754255524713649206e-02,-1.021750189138526110e+00,1.250852067076110288e-04,1.736789978629167328e-02,-1.066931173577659320e-03,-3.830961311569428430e-05
-3.013203723331653316e-02,-1.022622380314760715e+00,9.056425478277663188e-05,1.744859959701571678e-02,-6.744216745534045883e-04,-3.039970091391401452e-05
-1.265522353291738920e-02,-1.023093710960579772e+00,6.490169923748789218e-05,1.749969293459925287e-02,-2.660118013992456010e-04,-2.064823568037005915e-05
4.856043188863377186e-03,-1.023150952209901376e+00,4.974651043965361291e-05,1.751687638466887381e-02,1.526990979078846631e-04,-9.465951211352722971e-06
2.236621525639160765e-02,-1.022787232342820207e+00,4.625973457671541284e-05,1.749715481886614937e-02,5.746189014019680887e-04,2.582164941189494623e-06
3.983768500418696096e-02,-1.022003374542179044e+00,5.496803067364777116e-05,1.743949258659598794e-02,9.915417588705092641e-04,1.479886037763271121e-05
5.723299995164323611e-02,-1.020808696142756711e+00,7.565461587487113911e-05,1.734529207398255099e-02,1.394828369073998226e-03,2.640605739410872656e-05
7.451740513142400546e-02,-1.019221004348657367e+00,1.073150620363477368e-04,1.721854416700131785e-02,1.776293386525089682e-03,3.662021968487244426e-05
9.166133923423354368e-02,-1.017265686203767894e+00,1.481935707666305689e-04,1.706557785877093128e-02,2.129099836855605828e-03,4.473544889148895983e-05
1.086425111916710651e-01,-1.014973983210709640e+00,1.958984650725694994e-04,1.689447692513021404e-02,2.448456114263414599e-03,5.019521240699135849e-05
1.254472837584024725e-01,-1.012380728996653101e+00,2.475772618265568732e-04,1.671433127932259524e-02,2.732023318281288134e-03,5.264155194935615383e-05
1.420712693800071091e-01,-1.009521811246238077e+00,3.001300569550516923e-04,1.653442438744098797e-02,2.980038320703476320e-03,5.194036971311292864e-05
1.585191437694772054e-01,-1.006431634743139014e+00,3.504367189219967805e-04,1.636348125987609203e-02,3.195180562877565460e-03,4.818300736553494923e-05
1.748037576575552365e-01,-1.003140824103579964e+00,3.955752794306307131e-04,1.620903230646684318e-02,3.382258662427594081e-03,4.166972445087314161e-05
1.909446743346547848e-01,-9.996743209326264257e-01,4.330154970459664790e-04,1.607689066442260367e-02,3.547753241493194210e-03,3.287834742171967468e-05
2.069662499207767792e-01,-9.960499962341980984e-01,4.607747983941087497e-04,1.597078011659602836e-02,3.699217572027017203e-03,2.241771495000593507e-05
2.228954404299660352e-01,-9.922779110340295139e-01,4.775215969186476055e-04,1.589218112643862868e-02,3.844594449496324499e-03,1.096993502316640247e-05
2.387595874329096202e-01,-9.883602735552746710e-01,4.826174049227707329e-04,1.584041966557709138e-02,3.991539509813938139e-03,-7.709564774377223757e-07
2.545844099418794748e-01,-9.842920315393552944e-01,4.760993025794336866e-04,1.581298416887528049e-02,4.146838631856967702e-03,-1.215591370873318083e-05
2.703923957278849821e-01,-9.800619525477031191e-01,4.586124152767720149e-04,1.580601327055607824e-02,4.316013904761641963e-03,-2.262408834521032031e-05
2.862017169117006543e-01,-9.756539896866697203e-01,4.313080694996623029e-04,1.581484082118822868e-02,4.503178343150277332e-03,-3.172517227812413136e-05
3.020256820823649102e-01,-9.710486617720301972e-01,3.957312670285729962e-04,1.583446068005580840e-02,4.711106466962157804e-03,-3.912144862185215795e-05
3.178725763295133233e-01,-9.662242994308323230e-01,3.537130046107169932e-04,1.585987421412894671e-02,4.941429146517974623e-03,-4.457691040303122989e-05
3.337457686829727876e-01,-9.611580760055440376e-01,3.072765313661762017e-04,1.588627668793780520e-02,5.194901976464157828e-03,-4.793725111705736332e-05
3.496439329767327409e-01,-9.558267360659187251e-01,2.585678928110305840e-04,1.590906651423791215e-02,5.471636683687749851e-03,-4.911015271787266568e-05
3.655612214251967029e-01,-9.502071652631312038e-01,2.098007477966016632e-04,1.592378823284662168e-02,5.771254629027944283e-03,-4.805123597140278886e-05
3.814873503768880236e-01,-9.442768607271788683e-01,1.632109296361549256e-04,1.592599364138460455e-02,6.092938243111131053e-03,-4.475764047463219738e-05
3.974075209449442481e-01,-9.380143776472462669e-01,1.210156158075305984e-04,1.591110011473810884e-02,6.435327311341725205e-03,-3.927503975625387764e-05
4.133022717238512000e-01,-9.313999842587946665e-01,8.535503597511128902e-05,1.587434320577000776e-02,6.796326591205422395e-03,-3.171384252279810939e-05
4.291473010605301175e-01,-9.244165517119575792e-01,5.821416941617646315e-05,1.581083906055189350e-02,7.172776907187280657e-03,-2.227883486772996071e-05
4.449134649807846009e-01,-9.170507830533960458e-01,4.131233661465059590e-05,1.571587479509649679e-02,7.560106741036293557e-03,-1.130371156776834783e-05
4.605672221076385076e-01,-9.092947609365864547e-01,3.595854460647552084e-05,1.558545911646848012e-02,7.952096412257197641e-03,7.206618084922507519e-07
4.760717164792703238e-01,-9.011476380708663969e-01,4.288581248281486647e-05,1.541709844629561739e-02,8.340875150004230590e-03,1.313555425526962228e-05
4.913886988539023504e-01,-8.926170987270299895e-01,6.209431590646345592e-05,1.521064545740729093e-02,8.717364942518046264e-03,2.514212451999689417e-05
5.064812278391572775e-01,-8.837201290169337531e-01,9.274508606729004812e-05,1.496893660202118330e-02,9.072220390764051956e-03,3.587595947108383266e-05
5.213167760513416349e-01,-8.744826772151768068e-01,1.331466512616558530e-04,1.469791525467006345e-02,9.397079827858541290e-03,4.451638931884835767e-05
5.358701197547177664e-01,-8.649380462389415491e-01,1.808571728723482790e-04,1.440610686749792431e-02,9.685788633954814722e-03,5.040240104362256253e-05
5.501254094314059762e-01,-8.551242174707976984e-01,2.328929074472153849e-04,1.410353535850718959e-02,9.935234760201864385e-03,5.312205955925864526e-05
5.640770328764991293e-01,-8.450806487685831314e-01,2.860004854197091616e-04,1.380043500811824544e-02,1.014555258950077671e-02,5.254894045826723057e-05
5.777292383225585137e-01,-8.348451703471128083e-01,3.369382180405091015e-04,1.350613430730722778e-02,1.031975898588135231e-02,4.882586613690257071e-05
5.910948209170725498e-01,-8.244514376744438433e-01,3.827214622012322948e-04,1.322830653682693057e-02,1.046306948815324718e-02,4.231506647613316873e-05
6.041932545355681583e-01,-8.139271191481418644e-01,4.208108468462311378e-04,1.297259741264714279e-02,1.058212093658958061e-02,3.353460354445088841e-05
6.170486032017412636e-01,-8.032928289886711593e-01,4.492375440149158064e-04,1.274255705706107966e-02,1.068426728751184149e-02,2.309681109404893341e-05
6.296874707696893392e-01,-7.925617068284693811e-01,4.666704463028027955e-04,1.253974317546503563e-02,1.077702240717955985e-02,1.165713886546572032e-05
6.421371022121735717e-01,-7.817394926177376746e-01,4.724369360338277193e-04,1.236390175470166407e-02,1.086761249751071537e-02,-1.285215172904572451e-07
6.544236808963674878e-01,-7.708249967824081228e-01,4.665053854709838880e-04,1.221321184018217369e-02,1.096260935458637925e-02,-1.164027918937987560e-05
6.665708985447178492e-01,-7.598109048801319210e-01,4.494336401864068207e-04,1.208458212170706453e-02,1.106766014160668124e-02,-2.232285556856251029e-05
6.785988625235096494e-01,-7.486847926488847671e-01,4.222936877519538747e-04,1.197397056607192242e-02,1.118731009737300962e-02,-3.170621482709148409e-05
6.905233098988968754e-01,-7.374302812847890465e-01,3.865792505948607936e-04,1.187673848702752548e-02,1.132491133625952717e-02,-3.941887438421026057e-05
7.023551729295869350e-01,-7.260282353376267261e-01,3.441043961510134390e-04,1.178798031310447809e-02,1.148266132932954445e-02,-4.518930332435662300e-05
7.141004558767520827e-01,-7.144578407460493441e-01,2.969083105506262546e-04,1.170276525090810371e-02,1.166172510216547352e-02,-4.883864488567746747e-05
7.257602976727102195e-01,-7.026975654559833862e-01,2.471677210754078934e-04,1.161631899218048582e-02,1.186240228829434952e-02,-5.026854320219290977e-05
7.373311705549238093e-01,-6.907259438299541143e-01,1.971228450873854744e-04,1.152408358099713329e-02,1.208431596787905987e-02,-4.944544169657378495e-05
7.488050797823688765e-01,-6.785221548219737553e-01,1.490214526129307452e-04,1.142167551563781636e-02,1.232653667443285757e-02,-4.638931473990084162e-05
7.601697115272912919e-01,-6.660665579185833796e-01,1.050670000629916605e-04,1.130481835834796188e-02,1.258764932528731208e-02,-4.116712338454903174e-05
7.714084807523238219e-01,-6.533411943122812149e-01,6.737081992151296844e-05,1.116922458835312854e-02,1.286569858040065989e-02,-3.389650501423179690e-05
7.825004693592665372e-01,-6.403303908396575927e-01,3.789633528444312412e-05,1.101053614337198401e-02,1.315800826464001011e-02,-2.476137486318750406e-05
7.934204003244074155e-01,-6.270216156257416573e-01,1.838003758274147777e-05,1.082438387591276585e-02,1.346092686661994227e-02,-1.403555983294198948e-05
8.041387050326186392e-01,-6.134066354222540429e-01,1.022437861846471620e-05,1.060663394890084231e-02,1.376946572373933045e-02,-2.118112514273876635e-06
8.146219993603347476e-01,-5.994829853561062238e-01,1.435790908202925897e-05,1.035391233617022864e-02,1.407702960642905066e-02,1.043656668701042371e-05
8.248342413390823413e-01,-5.852556194958825619e-01,3.107148173302697828e-05,1.006440695441638070e-02,1.437539272260584568e-02,2.290766002234339912e-05
8.347387555256775560e-01,-5.707384022199309959e-01,5.985940852069400909e-05,9.738825212116010085e-03,1.465510509436416912e-02,3.443413387831356209e-05
8.443011701278205772e-01,-5.559548450234007566e-01,9.931867057905848179e-05,9.381173539243860965e-03,1.490653222735952889e-02,4.410019293162297654e-05
8.534928832384187647e-01,-5.409375598391491513e-01,1.471585422064627144e-04,8.998943917923786159e-03,1.512137678715810320e-02,5.107110618603203294e-05
8.622942776977081669e-01,-5.257261286415503276e-01,2.003566799985223655e-04,8.602411868173792317e-03,1.529422370171657809e-02,5.474129204086646856e-05
8.706968065905665854e-01,-5.103636581001927963e-01,2.554473011588618008e-04,8.203150929865139079e-03,1.542353892012534797e-02,5.484188933245754929e-05
8.787033928061902532e-01,-4.948927813849342550e-01,3.088788758911691166e-04,7.812248732272558498e-03,1.551173643862665576e-02,5.146743404238126056e-05
8.863271782890138617e-01,-4.793520519435042204e-01,3.573554636128922811e-04,7.438862038639710433e-03,1.556437370658774778e-02,4.501980785438550967e-05
8.935891534063925556e-01,-4.637734015688854683e-01,3.980947650900074487e-04,7.089477277631281958e-03,1.558891238410590845e-02,3.610475366028387836e-05
9.005154138115133433e-01,-4.481808539774387312e-01,4.289769659587740354e-04,6.767849282116896945e-03,1.559353721218822812e-02,2.542580101088850602e-05
9.071345848259749767e-01,-4.325902707075268694e-01,4.485983017821293731e-04,6.475352824970974537e-03,1.558628112480709045e-02,1.370105451856245144e-05
9.134756855544013954e-01,-4.170097795442105904e-01,4.562577562329577169e-04,6.211491621376172279e-03,1.557450998950086173e-02,1.610603733275606705e-06
9.195664983831176587e-01,-4.014405793782688803e-01,4.519036985659546750e-04,5.974374933029768207e-03,1.556469812210646564e-02,-1.022949898588604906e-05
9.254323836968785244e-01,-3.858778754517214193e-01,4.360633290875478912e-04,5.761075707509099100e-03,1.556235422306290889e-02,-2.127838300141155289e-05
9.310953729425226477e-01,-3.703118573632701582e-01,4.097647304345124783e-04,5.567912033847517185e-03,1.557199192001085253e-02,-3.107660503134084950e-05
9.365735217000117352e-01,-3.547287025366113733e-01,3.744532392570855666e-04,5.390662770903874648e-03,1.559713942334249939e-02,-3.924811617784231758e-05
9.418804777279089491e-01,-3.391115411700826865e-01,3.319085093527886872e-04,5.224739935154415656e-03,1.564034773707607615e-02,-4.550184155613773418e-05
9.470251930406411445e-01,-3.234414364688475985e-01,2.841582349384537409e-04,5.065378547137847770e-03,1.570320778931837136e-02,-4.963255323844761603e-05
9.520118303251463576e-01,-3.076983257460526588e-01,2.333929337892905653e-04,4.907793269180830975e-03,1.578641228176139513e-02,-5.151726905930419602e-05
9.568398097135466518e-01,-2.918618586777831925e-01,1.818883085023732284e-04,4.747296298875663609e-03,1.588983325968857871e-02,-5.110973082744959124e-05
9.615039558317529655e-01,-2.759121846384584575e-01,1.319309289057693806e-04,4.579397130241777240e-03,1.601262547480588466e-02,-4.843226044179331453e-05
9.659947141397056125e-01,-2.598306231376088515e-01,8.575360441010881213e-05,4.399821451370977861e-03,1.615332290523219597e-02,-4.356734107107298039e-05
